Country,Video ID,Title,Channel,Published,Category ID,Views,Likes,Comments,Duration,Date_of_Record
US,afSgBNwmZrQ,Ariana Grande - petal (official music video),ArianaGrandeVevo,2026-07-31T15:00:06Z,10,4501178,472046,39424,PT6M51S,2026-08-01
US,1zip1rNaNYs,RAMAYANA - Official Trailer,Sony Pictures Entertainment,2026-07-30T05:13:28Z,24,14920590,372803,38073,PT4M10S,2026-08-01
US,XBmyzLcaDaI,OH MY GOD...,SMii7Y,2026-07-31T19:13:01Z,20,1492663,76131,3593,PT34M18S,2026-08-01
US,RIi9uULatdA,2FithyRicky - GMFU [Official Music Video],2FithyRicky ,2026-08-01T00:26:35Z,10,97843,8519,708,PT2M2S,2026-08-01
US,CPt7f_iPwlA,Raising Kanan Season 5 'Episode 8 Trailer Breakdown & Clues',MOVIE BOT,2026-08-01T10:04:24Z,1,10214,715,341,PT14M7S,2026-08-01
US,M3H8u3Y0S-s,Five Nights at Freddy's 2: 10/20 COMPLETE (no cheats),Markiplier,2026-07-31T23:28:08Z,20,1061408,164540,11621,PT19M33S,2026-08-01
US,d6tMnbLofJw,Hustle,Rod Wave - Topic,2026-07-31T04:01:32Z,10,364949,14829,497,PT2M20S,2026-08-01
US,JH25LjG7R7k,WICKER Official Trailer (2026) Alexander Skarsgård,Movie Trailers Source,2026-07-30T14:22:59Z,1,222704,3141,394,PT2M39S,2026-08-01
US,2uWyF61bwlM,SHIFT AT MIDNIGHT WITH DASHIE (ENDING),CaseOh,2026-07-31T22:00:36Z,20,325445,14725,963,PT2H40M19S,2026-08-01
US,e6iAAAObz3c,KATSEYE - Animal (on the dance floor),KATSEYE,2026-07-31T16:00:33Z,10,2324047,159690,18611,PT3M41S,2026-08-01
US,nSDo_Z_DrJQ,DRAMATIC RHOA Season 17 Reunion Extended Trailer Reactions + Casting TEA,Bingeworthy,2026-07-31T23:54:54Z,22,20673,1583,406,PT19M9S,2026-08-01
US,VtgPntcyWWU,🔴LIVE | MISTFALL HUNTER |  w/ John | FREAK BOB FRIDAY | #BUNGULATE,TheBurntPeanut,2026-08-01T10:29:51Z,20,707882,8844,44,PT11H54M59S,2026-08-01
US,Cv1AXnX8DjU,Five Nights at Freddy's: Secret of the Mimic Song - It Doesn't Matter - The Living Tombstone,The Living Tombstone,2026-07-31T16:00:06Z,10,685568,80288,6623,PT3M50S,2026-08-01
US,2X9tFQI4jis,"STREET FIGHTER Blanka vs. Ryu Special Look Trailer (2026) Jason Momoa, 50 Cent, Action Movie [4K]",Trailer Feed,2026-07-30T13:25:43Z,1,65234,269,67,PT1M19S,2026-08-01
US,Sue2_CktxAo,GTA5 - The Kortz Center Heist Ends Here! [Finale],VanossGaming,2026-08-01T03:12:28Z,20,274714,19641,649,PT26M57S,2026-08-01
US,UMzvn1VIBjo,PlaqueBoyMax - Diva (Official Music Video),PlaqueBoyMax,2026-07-31T20:21:02Z,10,184977,21149,1846,PT2M43S,2026-08-01
US,cNTGdpXAM5M,Steel Wool dropped ANOTHER Teaser for the Next FNAF Game!! | FNAF Theory,RyeToast,2026-07-31T18:15:03Z,20,69280,5040,657,PT13M13S,2026-08-01
US,syuWAhgpcuA,I Opened My Own GAS STATION.. (VR),Foltyn,2026-08-01T03:04:23Z,20,445827,7253,1823,PT16M48S,2026-08-01
US,XGKJxb2b3ZI,"benny blanco, Selena Gomez, Becky G - Te Olvido (La La) [Official Music Video]",bennyblancoVEVO,2026-07-31T04:00:32Z,10,1334813,95506,4912,PT3M10S,2026-08-01
US,JIqKjjTfOxM,Korean Kanakaraju Trailer | Varun Tej | Ritika Nayak | Satya | Merlapaka Gandhi | UV Creations,UV Creations,2026-08-01T08:11:41Z,24,426698,28416,678,PT2M55S,2026-08-01
US,y8TieBZEcbE,His Story Is INSANE..,Foltyn Reacts,2026-07-31T17:31:26Z,24,882434,23566,6295,PT19M14S,2026-08-01
US,qLC_B2cQrcE,Meek Mill - Nightmares To Dreams (Official Audio),Meek Mill,2026-07-31T23:56:59Z,10,85717,8838,979,PT3M15S,2026-08-01
US,UVAki9SGrlg,WICKER | Official UK Trailer,Black Bear UK,2026-07-30T14:00:15Z,1,662640,17943,1146,PT2M29S,2026-08-01
US,wkle6UUTgwc,My Shift at Midnight with GIGGS,Two Much Grian,2026-07-31T16:00:29Z,20,294698,10491,610,PT3H30M12S,2026-08-01
US,tdS3ijuqxW4,Todo Lo Fue,Lenin Ramirez - Topic,2026-07-29T22:07:16Z,10,1473018,13495,31,PT3M13S,2026-08-01
US,POyZzpRBK4E,WHERE'S THE DIVERSITY?! – Children of Blood and Bone Official Trailer REACTION,Nerdrotic Daily,2026-08-01T02:31:43Z,10,30227,2434,526,PT18M19S,2026-08-01
US,LThlzHKvd4s,Can 1 Champion beat 5 Coppers in Rainbow Six Siege?,Jynxzi,2026-07-31T17:41:31Z,20,420285,11375,1202,PT53M17S,2026-08-01
US,IZyV16H0KoY,Imagine That,Riley Green - Topic,2026-07-30T10:04:40Z,10,99482,2662,114,PT3M40S,2026-08-01
US,1yMOZlYqsnY,World of Warcraft: Official Reveal Trailer | Dungeons & Dragons,Dungeons & Dragons,2026-07-30T22:40:26Z,24,534726,9046,1086,PT39S,2026-08-01
US,LxptinBwSOQ,Protect the RARE SPRITE with Lil Tecca!,TG Plays,2026-08-01T04:23:40Z,20,329404,10923,996,PT36M44S,2026-08-01
US,eyj5J5AZaG4,Tee Grizzley - No Effort 2 [Official Video],Tee Grizzley,2026-07-31T04:00:06Z,10,259472,20354,1276,PT2M38S,2026-08-01
US,3vJhUuDLbws,The worst day in Roblox history.,KreekCraft,2026-07-31T21:41:27Z,20,660965,20925,5069,PT12M30S,2026-08-01
US,RgQjxV5W4PA,Selena - Si Una Vez (Visualizer),EVRgreenhitsVEVO,2026-07-31T04:00:24Z,10,223165,1212,6,PT2M44S,2026-08-01
US,H2IduSInGsA,MECCHA CHAMELEON SUCKS!!!!!!!!!,Flamingo,2026-07-31T21:38:50Z,20,271151,19563,2317,PT12M54S,2026-08-01
US,tetYlkuHMpI,Greta Van Fleet - Saw You Stand,GretaVanFleetVEVO,2026-07-31T14:00:07Z,10,157792,17016,1799,PT4M54S,2026-08-01
US,Wms577MmvuI,The SAD STORY of Cash..,Cash,2026-07-31T15:00:34Z,24,589030,7811,1271,PT15M40S,2026-08-01
US,yuZNGO1y_yQ,Llévala a La Luna,Julión Álvarez y su Norteño Banda - Topic,2026-07-31T00:04:27Z,10,213791,4908,79,PT2M45S,2026-08-01
US,kZQEI5y-zvs,"🔴 LIVE! - HUNTING NEW SPRITES, MY ICON SKIN is BACK and FNCS SKIN CUP in Fornite!",Typical Gamer,2026-08-01T05:27:44Z,20,212996,2477,23,PT3H56M33S,2026-08-01
US,l6UkCEd4rmA,CG5 - Fanatic (Official Music Video),CG5,2026-07-31T22:00:06Z,10,179447,14170,3582,PT2M14S,2026-08-01
US,Q1XK84IwHxQ,How speedrunners beat Clair Obscur: Expedition 33 in 63 minutes (SPEEDRUN EXPLAINED Any% Restricted),tomatoanus,2026-07-31T18:04:42Z,20,147912,3006,214,PT1H34M39S,2026-08-01
US,jZPeAZiBhAc,Circulo Cerrado,Grupo Recluta - Topic,2026-07-31T02:02:23Z,10,105954,1444,11,PT2M43S,2026-08-01
US,FrL13EvDSIM,They killed the greatest franchise of all time..,Asmongold TV  ,2026-08-01T12:00:38Z,20,144297,14745,2590,PT24M57S,2026-08-01
US,oQfWa3WQXqg,Slayyyter - brand new chanel$ (Official Video),SlayyyterVEVO,2026-07-31T04:00:06Z,10,356048,37581,2316,PT4M,2026-08-01
US,15F85WWgfGU,ADOPTED By VERITY in Minecraft!,Aphmau,2026-07-31T20:17:59Z,20,348176,8873,1610,PT22M15S,2026-08-01
US,MbeHk_zg_AQ,CUIDAME DE LA ENVIDIA,Grupo Los de la O - Topic,2026-07-30T10:00:12Z,10,63332,969,13,PT3M15S,2026-08-01
US,Eu8SHFRv-0c,The Hardest Rebuild of my Life…,MMG,2026-08-01T00:28:26Z,17,91683,2962,231,PT1H21M29S,2026-08-01
US,v4MkNfRxs1U,Every Word,Money Man - Topic,2026-07-29T18:57:36Z,10,49112,1669,23,PT2M15S,2026-08-01
US,Xon4DTeIKG0,They Added Siege Maps To Meccha Chameleon!,YumiLive,2026-07-30T21:00:27Z,20,574751,2396,64,PT40M22S,2026-08-01
US,Kl5h8C4IsvA,EL FEO,Los Chavalitos - Topic,2026-07-30T10:00:29Z,10,88715,1891,11,PT2M52S,2026-08-01
US,qP2707U9q5s,I Added 9 Infection Mods without Telling my Friends,Doni Bobes,2026-07-31T20:00:00Z,20,292744,15094,1422,PT47M20S,2026-08-01
IN,tUERPrTO0ME,"#Video | शिव के मनईनी | #Ankush Raja, #Shivani Singh | Ft. #Tannu Yadav | Bhojpuri Bolbam Song",Ankush Raja Official,2026-07-31T00:45:22Z,10,307345,8970,275,PT3M26S,2026-08-01
IN,1zip1rNaNYs,RAMAYANA - Official Trailer,Sony Pictures Entertainment,2026-07-30T05:13:28Z,24,14920590,372803,38073,PT4M10S,2026-08-01
IN,l7Xp83bafAw,Doorbin Kids Trolled Us with SECRET Base in Minecraft..,Carry Depie,2026-08-01T11:46:21Z,20,234270,6776,469,PT17M29S,2026-08-01
IN,z5y8Clp_TdE,KALYANI (with Shreya Ghoshal) ARJN | KDS | FIFTY4 | RONN | Kya Fitoor Door Raha Kyun JaayeNa Lyrical,Universal Music India,2026-07-31T05:30:11Z,10,501917,5605,72,PT4M9S,2026-08-01
IN,H4hTi6hZZqo,Free Fire MAX: Daybreak | Official Anime Trailer,Free Fire India Official,2026-08-01T04:30:06Z,20,1217776,22507,892,PT31S,2026-08-01
IN,BE3I2kmzrwg,MY FIRST SPY MISSION IN A 5 STAR HOTEL | 007 FIRST LIGHT #3,Techno Gamerz,2026-08-01T03:30:02Z,20,1322669,89719,7412,PT1H11M4S,2026-08-01
IN,oXbwVuLYHvI,#Video Khesari Lal Yadav New Song | रंगदरवा राजा | Shilpi Raj | Priya Raghuvanshi | Bhojpuri Bolbam,IVY Bhojpuri Dhamaka,2026-07-31T00:30:01Z,10,411007,48993,4121,PT3M41S,2026-08-01
IN,JIqKjjTfOxM,Korean Kanakaraju Trailer | Varun Tej | Ritika Nayak | Satya | Merlapaka Gandhi | UV Creations,UV Creations,2026-08-01T08:11:41Z,24,426698,28416,679,PT2M55S,2026-08-01
IN,icXzeeT4950,"Minecraft, But You Grow OP Custom Items..",Karry Kraft,2026-08-01T10:01:18Z,20,137525,3885,283,PT11M9S,2026-08-01
IN,G2NkGGggn_E,#video | #Ankush Raja Bol Bam Song #Shilpi Raj | बेल के पतईया | #Bolbam Sawan Song |#Bolbam new Song,Awantika Music Bhojpuri,2026-07-30T23:30:02Z,10,135314,754,11,PT6M56S,2026-08-01
IN,65mrBBZbSbo,Sardar 2 Teaser | Karthi | SJ Suryah | Malavika Mohanan | Ashika Ranganath | PS Mithran | Sam CS,Sony Music South,2026-07-31T13:30:05Z,10,1712487,78477,2067,PT1M54S,2026-08-01
IN,Vc2KVjZF2yU,GTA 5 LIVE | MRRAJAPLAY#shortslive #shortsfeed #gta5 #gtaonline,MR RAJA PLAYZONE,2026-07-31T18:10:16Z,20,3090293,,0,PT4H42M4S,2026-08-01
IN,uQKrq9Ryk04,Tukur Tukur टुकुर टुकुर | YemanRaja | Vivek Sharma |  Amrita Kushwaha Anupama Mishra New CG Song,The CGF Music,2026-08-01T01:30:06Z,24,198938,17402,550,PT5M24S,2026-08-01
IN,2E4ihxaCDL4,I'M GAME TRAILER (Malayalam) | Dulquer Salmaan  | Nahas Hidhayath | Wayfarer Films,Wayfarer Films Music,2026-07-30T12:30:06Z,1,2237401,80778,4951,PT2M57S,2026-08-01
IN,0rXZ_fSUxn4,TESTING SCARY SECRET MYTHBUSTERS in Minecraft...,MrAlpha,2026-08-01T07:55:50Z,20,171593,3452,860,PT29M19S,2026-08-01
IN,9jvdcS1E2KE,"Mere Hamraaz (Official Video) | Emraan Hashmi, Disha Patani | New Hindi Romantic Song 2026",Ekram Pradhan,2026-07-31T03:00:08Z,10,691353,4041,69,PT4M18S,2026-08-01
IN,rODu2HTw6M8,DC -Release Trailer| Lokesh| Sun Pictures| Anirudh| Arun Matheswaran| Wamiqa| In theatres from Aug 7,Sun TV,2026-07-30T12:29:32Z,24,3178816,113049,2731,PT2M33S,2026-08-01
IN,L3nMZEebtQM,Franklin Followed Giant Footprints to Find Missing Shinchan in GTA 5!,Lonely Gaming,2026-08-01T04:00:14Z,20,103557,1712,47,PT20M34S,2026-08-01
IN,TjrrRbLuVVo,"#Video | सावन स्पेशल बोलबम गीत 2026 | #Khesari Lal Yadav , Khushi Kakkar | New Bol Bam Song 2026",Annapurna Films,2026-07-31T11:30:09Z,10,182436,1744,38,PT30M46S,2026-08-01
IN,yh7vE91IJfU,Ramayana Trailer (Telugu) | Ranbir Kapoor| Yash Sai pallavi| Nitesh tiwari| IMAX | Namit malhotra ,H-series Studio  4.1M views . 9hrs ago....        ,2026-07-30T03:01:51Z,1,1782481,25313,1661,PT4M16S,2026-08-01
IN,0JH-KKzSov0,🔴 GTA 5 LIVE – DON’T BLINK! SECRET MOD ACTIVATED 🤯 #gtalive #gtaonline,NeXTGenGaming,2026-08-01T13:53:28Z,20,1368239,5717,0,PT2H57M32S,2026-08-01
IN,xrurGT3iP_E,శ్రీ విష్ణు సహస్రనామ స్తోత్రం | Sri Vishnu Sahasranama Stotram | Lord Vishnu 1008 Namalu Telugu,Telugu Bhakti 24x7,2026-07-31T23:00:22Z,10,48676,398,14,PT1H54S,2026-08-01
IN,Ctz93_XEUOM,Ramayana Trailer REVIEW | Deeksha Sharma,Filmi Indian,2026-07-30T01:19:54Z,24,1566380,41783,7372,PT5M46S,2026-08-01
IN,nyAkzszibdA,GTA 5 LIVE #gta5 #gtav #gaming,Hear Is Live,2026-08-01T11:54:13Z,20,1259517,3021,2,PT2H9M,2026-08-01
IN,FeZwWEN1UTM,Hindi Gana 💕 Evergreen Purane Gane 💖 हिंदी गाने 💖 Sadabahar Song 💕 Filmi Gane 90s-80s | Durga Boss,AnandDeep Music,2026-07-31T13:30:06Z,10,85856,295,10,PT36M17S,2026-08-01
IN,GTpcb7duv0s,Sunara Bhuta || Trailer || Natia Fantasy Adventure Story,utkal cartoonworld,2026-08-01T01:30:39Z,23,116869,4507,87,PT1M20S,2026-08-01
IN,khuhKt8zX48,الرجل العنكبوت انقاذ باتمان Spider-Man Rescue batman vs iron man vs venom funny Game GTA 5 superhero,Maro Spidey,2026-08-01T01:00:50Z,20,1413466,64040,3055,PT22M42S,2026-08-01
IN,7VsejGzcJmM,Alaakaa Loova Lyrical (Tamil) | OM | Dhanush | Mammootty | Sai Pallavi | Sreeleela | Rajkumar | Sai,Divo Music,2026-07-28T13:29:06Z,10,15820793,235779,4982,PT3M37S,2026-08-01
IN,V2iqghYH9ms,Ramayana Trailer Review | Yogi Bolta Hai,YOGI BOLTA HAI,2026-07-30T00:17:22Z,24,1169565,45529,4597,PT5M26S,2026-08-01
IN,5MNChbsHK0I,End of Free Fire | Play With Skill ❌ Play With Skin ✅,A2D Channel,2026-07-30T13:58:14Z,28,530071,39090,4398,PT16M49S,2026-08-01
IN,jXqOegQ_oR0,#Video | दुनाली राजा जी | #Tuntun_Yadav - Dunali Raja Ji - New #Bhojpuri Rangdari Song 2026,Thar Music Tahlka,2026-07-29T06:05:50Z,22,148923,273,5,PT9M,2026-08-01
IN,iUkmSdqXoIY,Ramayana Trailer is Absolutely Shocking!,FlickVerse,2026-07-30T02:08:51Z,24,1287116,56630,4201,PT10M42S,2026-08-01
IN,KgrSpjIsRzA,Franklin Touches Anything Turn Into Diamond in GTA 5 !,ABISOME,2026-07-31T07:41:45Z,20,147418,2279,76,PT22M15S,2026-08-01
IN,Pd40lIaplP8,Kar Na Sake Hum Pyar Ka Sauda Lyrics | Asha Bhosle & Kumar Sanu | Old Dard Bhare Purane Gaane | Song,Retro Gaane,2026-07-27T12:40:51Z,22,622944,781,12,PT6M27S,2026-08-01
IN,JlSfl8c6qz4,Ramayana Trailer Review,BnfTV,2026-07-30T02:20:53Z,24,907140,45766,3366,PT8M58S,2026-08-01
IN,z9eMn82pHag,GTA 5 LIVE – DON’T BLINK! SECRET MOD ACTIVATED | Ep 79 #gtalive #gtaonline,LastGill,2026-08-01T10:43:30Z,20,574870,2185,2,PT2H13M56S,2026-08-01
IN,bTbYEKLzhj4,आदेश - महाकाल | बम लहरी | BAM LAHARI | महादेव मेरा..महाकाल है वो | सावन स्पेशल 2026 _4K VIDEO,Divya Sangeet,2026-07-27T01:44:50Z,10,103093,724,40,PT5M21S,2026-08-01
IN,kNyz7FESFws,"Namit Malhotra’s Ramayana| Trailer Reaction | Nitesh Tiwari | Hans Zimmer, A.R.Rahman | Malayalam",LifeofShazzam,2026-07-30T04:07:07Z,1,363973,18049,1922,PT8M23S,2026-08-01
IN,ESneHG7h9-g,perjalanan yang menyenangkan - Euro Truck Simulator 2,ALICE STREAM,2026-07-31T08:28:15Z,20,966448,3643,0,PT1H25M31S,2026-08-01
IN,MoIHmg7Rmco,Zaalima,Arijit Singh - Topic,2026-07-30T06:30:28Z,10,121083,768,3,PT5M,2026-08-01
IN,yUNYiJ96tJA,Ramayana Trailer - Telugu | Ranbir Kapoor Yash Sai pallavi Nitesh tiwari IMAX 3D | Namit malhotra ,S-Series Studio 3.6M view's 9 hourse ago....      ,2026-07-30T04:10:16Z,24,691623,9227,515,PT4M10S,2026-08-01
IN,-uu2THfTJVI,TOP 5 TODAY? | CLASSIC HACKER OR WHAT | @LoLzZzGaming,LoLzZz Gaming,2026-07-31T22:59:47Z,20,662310,31910,31,PT6H42M34S,2026-08-01
IN,MLXtr2AFj6A,🚩 New 2026 सम्पूर्ण सुंदरकाण्ड | Powerful Hanuman Path | 30 Minutes Only #hanum #sunderkand,Ra Bhakti Sagar,2026-07-31T23:00:02Z,10,29900,380,24,PT31M48S,2026-08-01
IN,vcYoWeBBuUc,RAMAYANA Trailer Reaction! | Ranbir Kapoor | Yash | Sai Pallavi | Namit Malhotra,CineDesi,2026-07-31T08:10:58Z,23,497395,19091,1334,PT16M1S,2026-08-01
IN,CowV0mlj_r8,GRANNY NEW UPDATE 🔥 - New BOAT Escape in GRANNY 4 The Lighthouse!,JENI GAMING,2026-07-31T12:00:07Z,20,129819,5467,602,PT26M22S,2026-08-01
IN,tGohzSF3N5A,Dil Me Re Goriya,Manxi Records - Topic,2026-07-31T10:04:22Z,10,66054,151,0,PT5M45S,2026-08-01
IN,7aIFMxxa5CY,"Namit Malhotra’s Ramayana- Trailer | Nitesh Tiwari | Ranbir, Yash, Hans Zimmer, A.R.Rahman REACTION!",OUR STUPID REACTIONS,2026-07-29T23:42:28Z,23,722364,24354,1665,PT18M39S,2026-08-01
IN,HktbJoOadsg,Franklin vs All Devil Head Cars - INDIAN BIKE DRIVING 3D,Reneex,2026-07-31T05:30:30Z,20,232941,600,9,PT10M25S,2026-08-01
IN,NwVlYZcAcvg,आज भी दिलों पर राज करता है ये रोमांटिक गीत -  Tere Mere Beech Mein | सदाबहार रोमांस | Kamal,8K Superhit Gaane,2026-07-27T13:00:10Z,10,220178,1049,14,PT5M33S,2026-08-01
IN,oRsAMzfvVGk,Batwara 1947 | Official Trailer | Shabana Azmi | Sunny Deol | Aamir Khan Productions | 14th Aug 2026,Aamir Khan Talkies,2026-07-28T08:32:17Z,22,22459753,172156,15478,PT3M,2026-08-01
GB,afSgBNwmZrQ,Ariana Grande - petal (official music video),ArianaGrandeVevo,2026-07-31T15:00:06Z,10,4501178,472046,39424,PT6M51S,2026-08-01
GB,1zip1rNaNYs,RAMAYANA - Official Trailer,Sony Pictures Entertainment,2026-07-30T05:13:28Z,24,14920590,372803,38073,PT4M10S,2026-08-01
GB,1Xmyz2tVEjg,EA SPORTS FC 27 | Official Career Deep Dive,EA SPORTS FC,2026-07-31T15:57:06Z,20,1267749,58968,4027,PT6M35S,2026-08-01
GB,Uu6JUUujFVE,Jnr Spragga - DAKA,Jnr Spragga,2026-07-31T15:18:59Z,10,134095,15212,2224,PT2M45S,2026-08-01
GB,2X9tFQI4jis,"STREET FIGHTER Blanka vs. Ryu Special Look Trailer (2026) Jason Momoa, 50 Cent, Action Movie [4K]",Trailer Feed,2026-07-30T13:25:43Z,1,65234,269,67,PT1M19S,2026-08-01
GB,Eo5w2S-h5dI,The Gaming Market is Starting to Break.,Mrwhosetheboss,2026-07-31T10:48:54Z,28,3259518,115268,12235,PT22M40S,2026-08-01
GB,e6iAAAObz3c,KATSEYE - Animal (on the dance floor),KATSEYE,2026-07-31T16:00:33Z,10,2324047,159690,18611,PT3M41S,2026-08-01
GB,0tPngHHZz8U,House of the Dragon: S3 - Ep.07 | NEW TRAILER | HBO,AD_edits,2026-07-31T22:00:11Z,24,60892,494,53,PT51S,2026-08-01
GB,XBmyzLcaDaI,OH MY GOD...,SMii7Y,2026-07-31T19:13:01Z,20,1492663,76131,3593,PT34M18S,2026-08-01
GB,Cv1AXnX8DjU,Five Nights at Freddy's: Secret of the Mimic Song - It Doesn't Matter - The Living Tombstone,The Living Tombstone,2026-07-31T16:00:06Z,10,685568,80288,6623,PT3M50S,2026-08-01
GB,JIqKjjTfOxM,Korean Kanakaraju Trailer | Varun Tej | Ritika Nayak | Satya | Merlapaka Gandhi | UV Creations,UV Creations,2026-08-01T08:11:41Z,24,426698,28416,679,PT2M55S,2026-08-01
GB,syuWAhgpcuA,I Opened My Own GAS STATION.. (VR),Foltyn,2026-08-01T03:04:23Z,20,445827,7253,1823,PT16M48S,2026-08-01
GB,vaJco2MgHy4,Ben E. King - Stand By Me (Afro House Remix by LABACK),LABACK,2026-07-31T18:59:16Z,10,85659,1241,35,PT2M24S,2026-08-01
GB,65mrBBZbSbo,Sardar 2 Teaser | Karthi | SJ Suryah | Malavika Mohanan | Ashika Ranganath | PS Mithran | Sam CS,Sony Music South,2026-07-31T13:30:05Z,10,1712487,78477,2067,PT1M54S,2026-08-01
GB,sadrTyuCXFs,WE PLAYED *COUPLES* MECCHA CHAMELEON!,ZerkaaPlays,2026-07-31T19:30:25Z,20,154375,4746,99,PT25M8S,2026-08-01
GB,qLC_B2cQrcE,Meek Mill - Nightmares To Dreams (Official Audio),Meek Mill,2026-07-31T23:56:59Z,10,85717,8838,979,PT3M15S,2026-08-01
GB,eyu1HAYBceY,It's a Medical Miracle Official Teaser | Sangeeth Prathap | Sharaf U Dheen | Mujeeb | Shyamin,Think Music India,2026-08-01T11:30:13Z,10,25449,2090,108,PT1M19S,2026-08-01
GB,y59kKhhj6-8,Can You Keep ALIEN WORM as a Pet?,EYstreem,2026-08-01T02:00:07Z,20,310457,5642,740,PT22M20S,2026-08-01
GB,FES9kcBALBI,Baba Harare featuring Frets Donzvo & Sekuru Gudo,Baba Harare,2026-07-31T10:00:06Z,22,71500,5056,538,PT3M6S,2026-08-01
GB,POyZzpRBK4E,WHERE'S THE DIVERSITY?! – Children of Blood and Bone Official Trailer REACTION,Nerdrotic Daily,2026-08-01T02:31:43Z,10,30227,2434,526,PT18M19S,2026-08-01
GB,M3H8u3Y0S-s,Five Nights at Freddy's 2: 10/20 COMPLETE (no cheats),Markiplier,2026-07-31T23:28:08Z,20,1061408,164540,11621,PT19M33S,2026-08-01
GB,xyO9mg7g-eo,"Vybz Kartel, Chambah - FAMILY (Have Meaning) [official music video] | AIR FORCE Riddim",VybzKartelVEVO,2026-07-31T16:00:26Z,10,170732,14672,1246,PT2M26S,2026-08-01
GB,vSPeRzSiMbM,Ramayana Trailer Backlash: IT'S NOT ALL HATE!,Tried&Refused Productions.,2026-08-01T09:15:26Z,24,75695,3082,1014,PT16M22S,2026-08-01
GB,y8TieBZEcbE,His Story Is INSANE..,Foltyn Reacts,2026-07-31T17:31:26Z,24,882434,23566,6295,PT19M14S,2026-08-01
GB,4L6JbhTMD70,DYSTINCT - HAJDE ft. Noizy (Official Music Video),Avalon Music,2026-07-31T13:00:06Z,10,549373,10613,245,PT2M58S,2026-08-01
GB,pjVMQ4TdPFc,WICKER Trailer (2026) Olivia Colman,ONE Media Coverage,2026-07-30T14:39:57Z,1,281365,5314,393,PT2M45S,2026-08-01
GB,q4Ph8C28jPw,SIDEMEN MECCHA CHAMELEON IMPOSTOR GAME,MoreSidemen,2026-07-30T18:01:12Z,24,1237958,40546,735,PT23M26S,2026-08-01
GB,l6UkCEd4rmA,CG5 - Fanatic (Official Music Video),CG5,2026-07-31T22:00:06Z,10,179447,14170,3582,PT2M14S,2026-08-01
GB,2E4ihxaCDL4,I'M GAME TRAILER (Malayalam) | Dulquer Salmaan  | Nahas Hidhayath | Wayfarer Films,Wayfarer Films Music,2026-07-30T12:30:06Z,1,2237401,80778,4951,PT2M57S,2026-08-01
GB,Sue2_CktxAo,GTA5 - The Kortz Center Heist Ends Here! [Finale],VanossGaming,2026-08-01T03:12:28Z,20,274714,19641,649,PT26M57S,2026-08-01
GB,XGKJxb2b3ZI,"benny blanco, Selena Gomez, Becky G - Te Olvido (La La) [Official Music Video]",bennyblancoVEVO,2026-07-31T04:00:32Z,10,1334813,95506,4912,PT3M10S,2026-08-01
GB,CPt7f_iPwlA,Raising Kanan Season 5 'Episode 8 Trailer Breakdown & Clues',MOVIE BOT,2026-08-01T10:04:24Z,1,10214,715,341,PT14M7S,2026-08-01
GB,Wms577MmvuI,The SAD STORY of Cash..,Cash,2026-07-31T15:00:34Z,24,589030,7811,1271,PT15M40S,2026-08-01
GB,kP4WacH9xH8,Katy Perry - The One That Got Away (Lyrics),Moonshine,2026-07-31T23:04:38Z,10,129403,573,5,PT3M49S,2026-08-01
GB,iAM9P9Zzdbs,"WICKER Official Trailer (2026) Peter Dinklage, Olivia Colman",KinoCheck.com,2026-07-30T14:18:02Z,24,188613,2130,259,PT2M43S,2026-08-01
GB,wkle6UUTgwc,My Shift at Midnight with GIGGS,Two Much Grian,2026-07-31T16:00:29Z,20,294698,10491,610,PT3H30M12S,2026-08-01
GB,oZsYE5a_x-c,Davido - B4 B4 (with Mayorkun & FOLA) [Official Audio],DavidoVEVO,2026-07-31T07:00:28Z,10,157491,4902,516,PT2M48S,2026-08-01
GB,cNTGdpXAM5M,Steel Wool dropped ANOTHER Teaser for the Next FNAF Game!! | FNAF Theory,RyeToast,2026-07-31T18:15:03Z,20,69280,5040,657,PT13M13S,2026-08-01
GB,9rPYCboZ_TI,1 Amazing Player For Every Birthday,More Chuff,2026-07-31T14:30:22Z,20,255475,6666,893,PT12M48S,2026-08-01
GB,9jVa-pQFvxU,The Light Inside My Soul,Release - Topic,2026-07-31T18:52:13Z,10,24120,533,0,PT3M19S,2026-08-01
GB,W52phqOW20g,[EPISODE] ‘THE SIN : BLISS’ Trailer vol.1 Shoot Sketch - ENHYPEN (엔하이픈),ENHYPEN,2026-08-01T10:00:02Z,24,45145,13776,920,PT8M29S,2026-08-01
GB,k3k_iM7RbiU,FC 27 Career Mode is Here…👀,S2G,2026-07-31T19:52:59Z,20,393065,12936,715,PT16M50S,2026-08-01
GB,UMzvn1VIBjo,PlaqueBoyMax - Diva (Official Music Video),PlaqueBoyMax,2026-07-31T20:21:02Z,10,184977,21149,1846,PT2M43S,2026-08-01
GB,uYJS3Qrl1js,Ramayana Trailer Breakdown!,FlickVerse,2026-07-31T09:42:35Z,24,712367,33733,2361,PT19M34S,2026-08-01
GB,FrL13EvDSIM,They killed the greatest franchise of all time..,Asmongold TV  ,2026-08-01T12:00:38Z,20,144297,14745,2590,PT24M57S,2026-08-01
GB,lNKVrNKXWfU,K-Trap - Made It Back (Freestyle),K-TRAP,2026-07-30T20:30:13Z,10,61829,3334,134,PT2M54S,2026-08-01
GB,1yMOZlYqsnY,World of Warcraft: Official Reveal Trailer | Dungeons & Dragons,Dungeons & Dragons,2026-07-30T22:40:26Z,24,534726,9046,1086,PT39S,2026-08-01
GB,LxptinBwSOQ,Protect the RARE SPRITE with Lil Tecca!,TG Plays,2026-08-01T04:23:40Z,20,329404,10929,996,PT36M44S,2026-08-01
GB,gP9HiCrrT38,Potter Payper - FWM (Official Music Video) | @PotterPayper,Potter Payper,2026-07-30T18:00:07Z,10,50713,4076,303,PT3M45S,2026-08-01
GB,9EKQYC3Se-c,ShipShaper - Official Early Access Release Date Trailer,GameTrailers,2026-07-31T20:53:46Z,20,32998,1952,81,PT49S,2026-08-01
CA,afSgBNwmZrQ,Ariana Grande - petal (official music video),ArianaGrandeVevo,2026-07-31T15:00:06Z,10,4501178,472046,39424,PT6M51S,2026-08-01
CA,1zip1rNaNYs,RAMAYANA - Official Trailer,Sony Pictures Entertainment,2026-07-30T05:13:28Z,24,14920590,372803,38073,PT4M10S,2026-08-01
CA,XBmyzLcaDaI,OH MY GOD...,SMii7Y,2026-07-31T19:13:01Z,20,1492663,76131,3593,PT34M18S,2026-08-01
CA,e6iAAAObz3c,KATSEYE - Animal (on the dance floor),KATSEYE,2026-07-31T16:00:33Z,10,2326053,159690,18611,PT3M41S,2026-08-01
CA,65mrBBZbSbo,Sardar 2 Teaser | Karthi | SJ Suryah | Malavika Mohanan | Ashika Ranganath | PS Mithran | Sam CS,Sony Music South,2026-07-31T13:30:05Z,10,1712487,78477,2067,PT1M54S,2026-08-01
CA,M3H8u3Y0S-s,Five Nights at Freddy's 2: 10/20 COMPLETE (no cheats),Markiplier,2026-07-31T23:28:08Z,20,1061408,164540,11621,PT19M33S,2026-08-01
CA,Cv1AXnX8DjU,Five Nights at Freddy's: Secret of the Mimic Song - It Doesn't Matter - The Living Tombstone,The Living Tombstone,2026-07-31T16:00:06Z,10,685568,80288,6623,PT3M50S,2026-08-01
CA,uYJS3Qrl1js,Ramayana Trailer Breakdown!,FlickVerse,2026-07-31T09:42:35Z,24,712367,33733,2361,PT19M34S,2026-08-01
CA,Eo5w2S-h5dI,The Gaming Market is Starting to Break.,Mrwhosetheboss,2026-07-31T10:48:54Z,28,3259518,115268,12235,PT22M40S,2026-08-01
CA,XGKJxb2b3ZI,"benny blanco, Selena Gomez, Becky G - Te Olvido (La La) [Official Music Video]",bennyblancoVEVO,2026-07-31T04:00:32Z,10,1334813,95506,4912,PT3M10S,2026-08-01
CA,vcYoWeBBuUc,RAMAYANA Trailer Reaction! | Ranbir Kapoor | Yash | Sai Pallavi | Namit Malhotra,CineDesi,2026-07-31T08:10:58Z,23,497395,19091,1334,PT16M1S,2026-08-01
CA,y8TieBZEcbE,His Story Is INSANE..,Foltyn Reacts,2026-07-31T17:31:26Z,24,882434,23566,6295,PT19M14S,2026-08-01
CA,UMzvn1VIBjo,PlaqueBoyMax - Diva (Official Music Video),PlaqueBoyMax,2026-07-31T20:21:02Z,10,184977,21149,1846,PT2M43S,2026-08-01
CA,MEcvTZKewc4,"WICKER Official Trailer (2026) Alexander Skarsgård, Olivia Colman, Peter Dinklage Movie [4K]",Trailer Feed,2026-07-30T14:14:26Z,1,274576,2306,215,PT2M45S,2026-08-01
CA,Sue2_CktxAo,GTA5 - The Kortz Center Heist Ends Here! [Finale],VanossGaming,2026-08-01T03:12:28Z,20,274714,19641,649,PT26M57S,2026-08-01
CA,tetYlkuHMpI,Greta Van Fleet - Saw You Stand,GretaVanFleetVEVO,2026-07-31T14:00:07Z,10,157792,17016,1799,PT4M54S,2026-08-01
CA,pjVMQ4TdPFc,WICKER Trailer (2026) Olivia Colman,ONE Media Coverage,2026-07-30T14:39:57Z,1,281365,5314,393,PT2M45S,2026-08-01
CA,wkle6UUTgwc,My Shift at Midnight with GIGGS,Two Much Grian,2026-07-31T16:00:29Z,20,294698,10491,610,PT3H30M12S,2026-08-01
CA,IZyV16H0KoY,Imagine That,Riley Green - Topic,2026-07-30T10:04:40Z,10,99482,2662,114,PT3M40S,2026-08-01
CA,FH8BUGklJvE,They actually changed so much in Ramayana Teaser vs Trailer,BnfTV,2026-07-31T10:40:10Z,24,515887,26897,1245,PT11M19S,2026-08-01
CA,Q1XK84IwHxQ,How speedrunners beat Clair Obscur: Expedition 33 in 63 minutes (SPEEDRUN EXPLAINED Any% Restricted),tomatoanus,2026-07-31T18:04:42Z,20,147912,3006,214,PT1H34M39S,2026-08-01
CA,5LTFGhLymOU,Last Call Encore,DannyHO - Topic,2026-07-25T10:05:30Z,10,134787,20089,5,PT3M32S,2026-08-01
CA,1yMOZlYqsnY,World of Warcraft: Official Reveal Trailer | Dungeons & Dragons,Dungeons & Dragons,2026-07-30T22:40:26Z,24,534726,9046,1086,PT39S,2026-08-01
CA,hncbaQUnFF4,Genshin Impact Version 7.0 Special Program #NowSnezhnaya #GenshinSnezhnaya #SpecialProgram,Genshin Impact,2026-07-31T12:00:06Z,20,1285645,75538,6549,PT1H7M6S,2026-08-01
CA,j9ApwGnfYKI,HIMRA - CANALISER (Clip Officiel),Himra officiel,2026-07-31T23:45:58Z,10,273110,51248,5459,PT2M55S,2026-08-01
CA,CZG3DbeXXc4,VILLENEUVE: L'ASCENSION D'UNE LÉGENDE | Bande-annonce officielle,Les Films Opale,2026-07-30T03:31:08Z,24,67546,1570,131,PT2M33S,2026-08-01
CA,VtgPntcyWWU,🔴LIVE | MISTFALL HUNTER |  w/ John | FREAK BOB FRIDAY | #BUNGULATE,TheBurntPeanut,2026-08-01T10:29:51Z,20,707882,8844,44,PT11H54M59S,2026-08-01
CA,xyO9mg7g-eo,"Vybz Kartel, Chambah - FAMILY (Have Meaning) [official music video] | AIR FORCE Riddim",VybzKartelVEVO,2026-07-31T16:00:26Z,10,170732,14672,1246,PT2M26S,2026-08-01
CA,2E4ihxaCDL4,I'M GAME TRAILER (Malayalam) | Dulquer Salmaan  | Nahas Hidhayath | Wayfarer Films,Wayfarer Films Music,2026-07-30T12:30:06Z,1,2237401,80778,4951,PT2M57S,2026-08-01
CA,3vJhUuDLbws,The worst day in Roblox history.,KreekCraft,2026-07-31T21:41:27Z,20,660965,20926,5069,PT12M30S,2026-08-01
CA,oQfWa3WQXqg,Slayyyter - brand new chanel$ (Official Video),SlayyyterVEVO,2026-07-31T04:00:06Z,10,356048,37581,2316,PT4M,2026-08-01
CA,vSPeRzSiMbM,Ramayana Trailer Backlash: IT'S NOT ALL HATE!,Tried&Refused Productions.,2026-08-01T09:15:26Z,24,75695,3082,1014,PT16M22S,2026-08-01
CA,2uWyF61bwlM,SHIFT AT MIDNIGHT WITH DASHIE (ENDING),CaseOh,2026-07-31T22:00:36Z,20,325445,14725,963,PT2H40M19S,2026-08-01
CA,cRgvfvES0ZU,STATICA - STATICA (Official Video),Avenged Sevenfold,2026-07-31T16:44:36Z,10,131618,13196,3328,PT5M57S,2026-08-01
CA,rODu2HTw6M8,DC -Release Trailer| Lokesh| Sun Pictures| Anirudh| Arun Matheswaran| Wamiqa| In theatres from Aug 7,Sun TV,2026-07-30T12:29:32Z,24,3178816,113049,2731,PT2M33S,2026-08-01
CA,Sx-lddna-qg,WTF Is Happening To The Video Game Industry?,How Money Works,2026-07-31T15:41:28Z,27,365952,11885,2174,PT19M28S,2026-08-01
CA,PYGMRfFhg44,Last Night - Morgan Wallen (Lyrics/Letra),TUFF Music,2026-07-24T19:42:26Z,10,72703,254,2,PT2M45S,2026-08-01
CA,iAM9P9Zzdbs,"WICKER Official Trailer (2026) Peter Dinklage, Olivia Colman",KinoCheck.com,2026-07-30T14:18:02Z,24,188613,2130,259,PT2M43S,2026-08-01
CA,mkJCDeLSHzE,Among Us With 10 YouTubers,hxsain,2026-07-31T16:49:58Z,24,342836,15600,4500,PT1H23M51S,2026-08-01
CA,7gUusZOB87w,Hana Girma - NGEZAKA | ሃና ግርማ - ንገዛኻ - New Ethiopian Tigrigna Music 2026 (Official Video),Hana Girma,2026-07-31T15:00:13Z,10,218504,13345,1539,PT5M31S,2026-08-01
CA,UVAki9SGrlg,WICKER | Official UK Trailer,Black Bear UK,2026-07-30T14:00:15Z,1,662640,17943,1146,PT2M29S,2026-08-01
CA,Wms577MmvuI,The SAD STORY of Cash..,Cash,2026-07-31T15:00:34Z,24,589030,7811,1271,PT15M40S,2026-08-01
CA,lAkWjiaQSSQ,Katy Perry - The One That Got Away (Lyrics),Arcade Music,2026-07-29T15:05:31Z,10,969596,2239,18,PT3M48S,2026-08-01
CA,JIqKjjTfOxM,Korean Kanakaraju Trailer | Varun Tej | Ritika Nayak | Satya | Merlapaka Gandhi | UV Creations,UV Creations,2026-08-01T08:11:41Z,24,426698,28416,679,PT2M55S,2026-08-01
CA,NpdJkYctDXo,THE PERFECTION of HITMAN H.O.R.S.E. (ft. 3 Speedrunners),Atrioc,2026-07-31T20:55:05Z,22,189612,10849,416,PT41M42S,2026-08-01
CA,laNEzQl0NyE,Want For Nothing,Cameron Whitcomb - Topic,2026-07-30T10:04:42Z,10,45296,1492,19,PT2M48S,2026-08-01
CA,funfFAMMBBs,MARVEL Tōkon: Fighting Souls | Launch Trailer,MARVEL Tokon: Fighting Souls,2026-07-31T15:00:04Z,20,117130,7324,631,PT2M14S,2026-08-01
CA,H2IduSInGsA,MECCHA CHAMELEON SUCKS!!!!!!!!!,Flamingo,2026-07-31T21:38:50Z,20,271151,19563,2317,PT12M54S,2026-08-01
CA,Brl9hUyigyE,Yours,Tucker Wetmore - Topic,2026-07-30T10:04:37Z,10,47919,533,11,PT3M6S,2026-08-01
CA,cNTGdpXAM5M,Steel Wool dropped ANOTHER Teaser for the Next FNAF Game!! | FNAF Theory,RyeToast,2026-07-31T18:15:03Z,20,69280,5040,657,PT13M13S,2026-08-01
AU,afSgBNwmZrQ,Ariana Grande - petal (official music video),ArianaGrandeVevo,2026-07-31T15:00:06Z,10,4501178,472046,39424,PT6M51S,2026-08-01
AU,1zip1rNaNYs,RAMAYANA - Official Trailer,Sony Pictures Entertainment,2026-07-30T05:13:28Z,24,14920590,372803,38073,PT4M10S,2026-08-01
AU,q4Ph8C28jPw,SIDEMEN MECCHA CHAMELEON IMPOSTOR GAME,MoreSidemen,2026-07-30T18:01:12Z,24,1237958,40546,735,PT23M26S,2026-08-01
AU,e6iAAAObz3c,KATSEYE - Animal (on the dance floor),KATSEYE,2026-07-31T16:00:33Z,10,2326053,159690,18611,PT3M41S,2026-08-01
AU,pjVMQ4TdPFc,WICKER Trailer (2026) Olivia Colman,ONE Media Coverage,2026-07-30T14:39:57Z,1,281365,5314,393,PT2M45S,2026-08-01
AU,XBmyzLcaDaI,OH MY GOD...,SMii7Y,2026-07-31T19:13:01Z,20,1492663,76131,3593,PT34M18S,2026-08-01
AU,XGKJxb2b3ZI,"benny blanco, Selena Gomez, Becky G - Te Olvido (La La) [Official Music Video]",bennyblancoVEVO,2026-07-31T04:00:32Z,10,1334813,95506,4912,PT3M10S,2026-08-01
AU,lb3fvMJMadk,Outer Banks: Season 5 | Official Trailer | Netflix,Netflix,2026-07-29T14:00:00Z,24,1547814,46246,2103,PT2M8S,2026-08-01
AU,Eo5w2S-h5dI,The Gaming Market is Starting to Break.,Mrwhosetheboss,2026-07-31T10:48:54Z,28,3259518,115268,12235,PT22M40S,2026-08-01
AU,Cv1AXnX8DjU,Five Nights at Freddy's: Secret of the Mimic Song - It Doesn't Matter - The Living Tombstone,The Living Tombstone,2026-07-31T16:00:06Z,10,685568,80288,6623,PT3M50S,2026-08-01
AU,2E4ihxaCDL4,I'M GAME TRAILER (Malayalam) | Dulquer Salmaan  | Nahas Hidhayath | Wayfarer Films,Wayfarer Films Music,2026-07-30T12:30:06Z,1,2237401,80778,4951,PT2M57S,2026-08-01
AU,M3H8u3Y0S-s,Five Nights at Freddy's 2: 10/20 COMPLETE (no cheats),Markiplier,2026-07-31T23:28:08Z,20,1061408,164540,11621,PT19M33S,2026-08-01
AU,oQfWa3WQXqg,Slayyyter - brand new chanel$ (Official Video),SlayyyterVEVO,2026-07-31T04:00:06Z,10,356048,37581,2316,PT4M,2026-08-01
AU,65mrBBZbSbo,Sardar 2 Teaser | Karthi | SJ Suryah | Malavika Mohanan | Ashika Ranganath | PS Mithran | Sam CS,Sony Music South,2026-07-31T13:30:05Z,10,1712487,78477,2067,PT1M54S,2026-08-01
AU,LAf_6OwDodc,This Island is Making us Crazy,SMii7Yplus,2026-07-30T19:13:23Z,20,1594343,75182,2448,PT45M34S,2026-08-01
AU,g16sDYTn8j0,NO BATIDÃO,slxughter - Topic,2026-07-29T08:18:10Z,10,3607511,28782,340,PT1M30S,2026-08-01
AU,Ctz93_XEUOM,Ramayana Trailer REVIEW | Deeksha Sharma,Filmi Indian,2026-07-30T01:19:54Z,24,1566380,41783,7372,PT5M46S,2026-08-01
AU,y8TieBZEcbE,His Story Is INSANE..,Foltyn Reacts,2026-07-31T17:31:26Z,24,882434,23566,6295,PT19M14S,2026-08-01
AU,e3HkjEwcLVU,Moonlight Silence Music,NOYA - Topic,2026-07-24T10:03:25Z,10,505683,81477,55,PT2M41S,2026-08-01
AU,GACU1N9hg5o,Ted Lasso — Season 4 Official Trailer (Together) | Apple TV,Apple TV,2026-07-28T12:59:47Z,24,5158669,28034,1117,PT1M8S,2026-08-01
AU,syuWAhgpcuA,I Opened My Own GAS STATION.. (VR),Foltyn,2026-08-01T03:04:23Z,20,445827,7253,1823,PT16M48S,2026-08-01
AU,VoFFuF4zSjY,Aaron Smith - Dancin - Krono Remix (Lyrics) ft. Luvli,daydream.,2026-07-28T16:30:01Z,10,1941181,7090,58,PT3M19S,2026-08-01
AU,oRsAMzfvVGk,Batwara 1947 | Official Trailer | Shabana Azmi | Sunny Deol | Aamir Khan Productions | 14th Aug 2026,Aamir Khan Talkies,2026-07-28T08:32:17Z,22,22459753,172156,15478,PT3M,2026-08-01
AU,hncbaQUnFF4,Genshin Impact Version 7.0 Special Program #NowSnezhnaya #GenshinSnezhnaya #SpecialProgram,Genshin Impact,2026-07-31T12:00:06Z,20,1285645,75538,6549,PT1H7M6S,2026-08-01
AU,GpB18MIw3y0,Sam Fender & Lewis Capaldi - Rein Me In (Live at American Express Presents BST Hyde Park),Lewis Capaldi,2026-07-28T14:00:06Z,10,505683,9175,392,PT6M1S,2026-08-01
AU,JIqKjjTfOxM,Korean Kanakaraju Trailer | Varun Tej | Ritika Nayak | Satya | Merlapaka Gandhi | UV Creations,UV Creations,2026-08-01T08:11:41Z,24,426698,28416,679,PT2M55S,2026-08-01
AU,Wms577MmvuI,The SAD STORY of Cash..,Cash,2026-07-31T15:00:34Z,24,589030,7811,1271,PT15M40S,2026-08-01
AU,bituOYCU3vA,Bikki Gurung - Yo Hawalai | Official MV | Feat Upasana Singh Thakuri,Bikki Gurung,2026-07-31T13:15:06Z,10,266576,31105,2060,PT6M42S,2026-08-01
AU,Krs0VDIjhmE,"Fall 2: Deadpoint (2026) Official Trailer 2 - Harriet Slater, Arsema Thomas",Lionsgate Movies,2026-07-29T15:00:03Z,1,1336656,21499,1517,PT1M42S,2026-08-01
AU,Sue2_CktxAo,GTA5 - The Kortz Center Heist Ends Here! [Finale],VanossGaming,2026-08-01T03:12:28Z,20,274714,19641,649,PT26M57S,2026-08-01
AU,eIrS1_47Eng,no na - honk! (Official Music Video),no na,2026-07-31T04:00:01Z,10,1386315,152349,18448,PT2M16S,2026-08-01
AU,oNPOtou-Seg,Ramayana Trailer Review & Analysis | Ranbir Kapoor | Yash | Sai Pallavi,Tried&Refused Productions.,2026-07-30T03:30:05Z,24,585896,12350,3787,PT14M58S,2026-08-01
AU,wkle6UUTgwc,My Shift at Midnight with GIGGS,Two Much Grian,2026-07-31T16:00:29Z,20,294698,10491,610,PT3H30M12S,2026-08-01
AU,u_G1NCwQZ4E,Amr Diab & Orange - Lola El Banat (Official Music Video) - عمرو دياب  واورنچ - لولا البنات,Amr Diab,2026-07-30T19:53:16Z,10,1500875,28318,1185,PT3M49S,2026-08-01
AU,MEcvTZKewc4,"WICKER Official Trailer (2026) Alexander Skarsgård, Olivia Colman, Peter Dinklage Movie [4K]",Trailer Feed,2026-07-30T14:14:26Z,1,274576,2306,215,PT2M45S,2026-08-01
AU,U2hcpnvm5Pw,Can I ESCAPE THE FLOOD in Realistic Game!,Caylus  ,2026-07-31T20:02:39Z,20,302085,7550,693,PT23M23S,2026-08-01
AU,J1nRJVq0zAI,"Fred again.., Brian Eno - Cmon (LATIN MAFIA, KatzPascale, Fred edit) (hour 10, Mexico City)",Fred again . .,2026-07-30T22:18:49Z,10,555678,25206,749,PT4M57S,2026-08-01
AU,KOzfNjpw_lM,Ramayan Trailer Review: The TRUTH & The LIES!,Shan Prasher,2026-07-30T05:45:00Z,23,853016,24947,5878,PT19M32S,2026-08-01
AU,y59kKhhj6-8,Can You Keep ALIEN WORM as a Pet?,EYstreem,2026-08-01T02:00:07Z,20,310457,5642,740,PT22M20S,2026-08-01
AU,UKMLprkoG_Q,Shawn Mendes - Treat You Better (Lyrics),Unique Vibes,2026-07-27T18:49:16Z,10,1939020,4979,101,PT3M20S,2026-08-01
AU,gnm4HgIAVmU,The Thomas Crown Affair | Official Teaser Trailer,Amazon MGM Studios,2026-07-29T13:00:02Z,24,10228995,32600,3269,PT1M30S,2026-08-01
AU,1Xmyz2tVEjg,EA SPORTS FC 27 | Official Career Deep Dive,EA SPORTS FC,2026-07-31T15:57:06Z,20,1267749,58968,4027,PT6M35S,2026-08-01
AU,9ji4JnBsS-Y,Electric Callboy - THE WAY YOU ARE (OFFICIAL VIDEO),Electric Callboy,2026-07-28T14:00:06Z,10,1000365,65411,3926,PT2M43S,2026-08-01
AU,UVAki9SGrlg,WICKER | Official UK Trailer,Black Bear UK,2026-07-30T14:00:15Z,1,662640,17943,1146,PT2M29S,2026-08-01
AU,MeEcGabrpb8,I Unboxed The .00000001% ASMR in Roblox!,CaylusBlox,2026-07-31T21:10:49Z,20,273051,6236,650,PT19M57S,2026-08-01
AU,XLU3cwwAUU8,Happiness Is So Sad,Swedish House Mafia - Topic,2026-07-30T16:02:00Z,10,254723,5348,165,PT3M53S,2026-08-01
AU,iUkmSdqXoIY,Ramayana Trailer is Absolutely Shocking!,FlickVerse,2026-07-30T02:08:51Z,24,1287116,56630,4201,PT10M42S,2026-08-01
AU,EhNpGPOIWjc,I Played 100% of Bills Must Be Paid!,Floydsonson,2026-07-31T12:00:05Z,20,179412,5345,222,PT1H45M39S,2026-08-01
AU,h7ITAdTxdxM,CORTIS (코르티스) ‘MOTION (feat. Juicy J)’ Official Visualizer,HYBE LABELS,2026-07-31T03:59:59Z,10,1379041,272776,24057,PT2M38S,2026-08-01
AU,rODu2HTw6M8,DC -Release Trailer| Lokesh| Sun Pictures| Anirudh| Arun Matheswaran| Wamiqa| In theatres from Aug 7,Sun TV,2026-07-30T12:29:32Z,24,3178816,113049,2731,PT2M33S,2026-08-01
JP,dePs7UPp6GQ,Mrs. GREEN APPLE「Brand New」Official Music Video,Mrs. GREEN APPLE,2026-07-31T12:00:06Z,10,1245777,81070,5627,PT3M41S,2026-08-01
JP,2R4dQKTg7sY,【宮沢りえ】息子・北村匠海へ注ぐ絶望と慈愛の20年／映画『しびれ』予告編,moviecollectionjp,2026-07-30T23:00:14Z,1,213044,466,9,PT1M31S,2026-08-01
JP,xWY_YOxbdC4,【新エンディング】6年前に大流行したコンビニが舞台のホラーゲーム『 夜勤事件 Switch 』,キヨ。,2026-08-01T10:07:42Z,20,181721,14700,1469,PT1H54M48S,2026-08-01
JP,gXNbJEYuoSw,"BE:FIRST / BRUCE WAYNE feat. Flo Milli, ATL Jacob -Music Video-",BE:FIRST Official,2026-07-31T04:00:06Z,10,1458232,54734,3648,PT5M11S,2026-08-01
JP,-a2wcO5Yf3s,ENHYPEN (엔하이픈) 'THE SIN : BLISS' Trailer vol.1 Film,HYBE LABELS,2026-07-31T13:00:01Z,10,354570,72341,4314,PT2M13S,2026-08-01
JP,FwoECb5AHC0,ついに完成した愛を確かめるダンジョンに最初に挑んだのはあっとチーム【VCR RUST】,k4sen / かせん,2026-08-01T09:00:03Z,20,116372,4523,227,PT38M35S,2026-08-01
JP,qdawWNhgzRo,米津玄師「夜鷹」×『キングダム 魂の決戦』公開記念PV,Kenshi Yonezu  米津玄師,2026-07-31T10:59:41Z,10,280815,14806,585,PT2M48S,2026-08-01
JP,NQKvPBc-EbU,【ネタバレ注意】スパイダーマン：ブランド・ニュー・デイ　公開直後の日本の反応,マーベル+映画・ドラマ　反応まとめ,2026-08-01T09:00:27Z,1,3369,100,60,PT24M42S,2026-08-01
JP,JvurYq9Rf-I,【FGO Fes. 2026】「Fate/Grand Order」スタッフトーク,【公式】Fate/Grand Order チャンネル,2026-08-01T05:50:48Z,20,278362,4944,51,PT1H16M50S,2026-08-01
JP,kIm4dcF6XDY,≒JOY（ニアリーイコールジョイ）/ 5th Single c/w『夏はジュエリー』【MV full】,NEARLY EQUAL JOY ニアリーイコールジョイ 公式チャンネル,2026-07-31T11:00:33Z,10,129647,9387,1101,PT3M58S,2026-08-01
JP,JY7bvZmMOg8,"時間が無い....奪われた""ヘッドギア""を回収せよ【スパイ大作戦 2日目】",カラフルピーチ,2026-08-01T09:00:06Z,20,140169,13687,885,PT39M49S,2026-08-01
JP,CmdXbUgx2vU,For us,&TEAM - Topic,2026-07-31T15:02:04Z,10,101338,7849,492,PT3M37S,2026-08-01
JP,SSiR_cWPSBA,【マインクラフト】遺跡に来たら呪われて4人合体してしまいました【日常組】,日常組,2026-07-31T08:00:27Z,20,634892,18562,691,PT1H25M2S,2026-08-01
JP,Ik1VyCRlAts,初星学園 「クライアイ」Official Music Video (HATSUBOSHI GAKUEN - Kuraiai),初星学園,2026-07-31T13:00:06Z,10,160412,11296,439,PT3M33S,2026-08-01
JP,fw7z9EEiyNA,【納得の酷評】8000円払って呪われるゲーム【Curse Warrior（カースウォリアー）】,からすまAチャンネル,2026-08-01T11:19:17Z,20,74306,2796,462,PT21M9S,2026-08-01
JP,SWFUaavjMuA,"【MV Teaser】FRUITS ZIPPER『1,2,3,FOOOOUR』",KAWAII LAB.,2026-08-01T10:00:06Z,24,15637,2156,283,PT25S,2026-08-01
JP,-eMtYolRyXQ,職場にバック宙おじさんが一人いると一気に雰囲気良くなるんだよな【詐欺センターシミュレーター】,牛沢,2026-08-01T08:00:01Z,20,110581,5000,275,PT34M56S,2026-08-01
JP,4AbW1VM3l4w,ILLIT (아일릿) ‘It's Me’ @ PRESS START♥,ILLIT,2026-08-01T08:00:01Z,10,92240,9956,1331,PT2M24S,2026-08-01
JP,RczrkB_kN_k,第五人格8周年『Ghost Wedding 8arty』&2026夏季IJL決勝戦 Day2,『IdentityV 第五人格』公式チャンネル,2026-08-01T13:17:05Z,20,225577,1743,186,PT11H47M12S,2026-08-01
JP,afSgBNwmZrQ,Ariana Grande - petal (official music video),ArianaGrandeVevo,2026-07-31T15:00:06Z,10,4501178,472046,39425,PT6M51S,2026-08-01
JP,PuL3mnepC5s,【Among Us#347】『スライム』でありえないサイズに巨大化！クルー達を上から見下ろすアモングアス【ゆっくり実況】,めめんともり,2026-08-01T07:30:24Z,20,72403,4424,182,PT18M19S,2026-08-01
JP,J66gqneY518,HIMEHINA『フランケンシュタインの怪物』MV,HIMEHINA Channel,2026-07-31T12:00:06Z,10,100116,9785,364,PT3M38S,2026-08-01
JP,k7c2WPC2UlQ,魂を喰らうバケモノ『口裂けドラゴン』が襲ってくるサバイバル！？【マインクラフト】【カラフルピーチ×ぷちひな×たま】,いんく,2026-08-01T07:00:06Z,20,117363,6866,399,PT41M46S,2026-08-01
JP,0Ccd0JdqEo4,レム／重音テト × flower,須田景凪 バルーン,2026-07-31T11:00:06Z,10,106618,11008,243,PT2M41S,2026-08-01
JP,7ZuDhBoKHws,おもむろに高難易度と話題の区間をサクサククリアし、前職を疑われるらっだぁ【リズム天国 ミラクルスターズ】,らっだぁ,2026-08-01T09:00:37Z,20,86149,5862,262,PT23M19S,2026-08-01
JP,KMV8SVnZK7Q,緑黄色社会『晴々』Official Video / Ryokuoushoku Shakai - Hare Bare,緑黄色社会,2026-07-31T11:00:10Z,10,81804,4462,207,PT4M51S,2026-08-01
JP,6XQoHH5CT5I,【13日目#5】葛葉が誕生日コメを連投した結果、なぜか疑われるエビオ（本物）【にじさんじ/切り抜き/葛葉/エクス・アルビオ/ササティック/乾殿/セリー/うるか/らいじんVCRRUST】,びーの【にじさんじ切り抜き】,2026-07-31T23:03:00Z,20,93795,936,22,PT14M54S,2026-08-01
JP,5T3JJH8nh6k,GLAY 64th New Single 「汚れた英雄」,GLAY,2026-08-01T10:00:23Z,24,8303,1038,48,PT32S,2026-08-01
JP,9i4oeAKiuf8,Ver.7.0「神に愛されぬ雪国」予告番組,原神-Genshin-公式,2026-07-31T13:12:34Z,24,546711,20895,354,PT1H9M14S,2026-08-01
JP,QRl0YFhfJTU,名残花,HIRAIDAI - Topic,2026-07-30T10:00:07Z,10,72343,938,17,PT3M15S,2026-08-01
JP,T9PEjUAm6I4,【 #にじ甲2026 】私立朝晴高校☀️3年目春～⚾✨【 七瀬すず菜 /にじさんじ】,七瀬 すず菜 / Nanase Suzuna【にじさんじ】,2026-08-01T09:00:46Z,24,398543,5230,28,PT9H34M20S,2026-08-01
JP,pKA625c9vd0,【ライブ映像】「うぇるかむとぅ〜ざ♡ふるっぱー！」/FRUITS ZIPPER Road To TOKYO DOME ～はちゃめちゃわちゃライブ！～大阪公演,FRUITS ZIPPER,2026-08-01T09:12:37Z,24,16021,1491,112,PT4M47S,2026-08-01
JP,PxP2-dur_XQ,クセが強い色んな『主人公』になってエンドラ討伐！【マイクラ】,ドズル社,2026-07-31T09:15:06Z,20,404288,12821,663,PT51M30S,2026-08-01
JP,5T5PKaSDyY0,ポルターガイスト / 初音ミク,Kai,2026-07-31T10:00:06Z,10,70801,9754,511,PT2M8S,2026-08-01
JP,DM7HiKPjj-I,【 #にじ甲2026 】帝国立ロイヤルナイツ学園  3年目春から！【にじさんじ】,フレン・E・ルスタリオ,2026-08-01T12:54:49Z,20,197163,3037,39,PT7H22M18S,2026-08-01
JP,VJkLAKllX8g,クライアイ,Release - Topic,2026-07-31T10:02:22Z,10,19096,641,0,PT3M37S,2026-08-01
JP,N-_eE_fa59s,【Shadowverse: Worlds Beyond】Shadowverse Premier Series 26-27 第3節【本配信】,Shadowverse Channel,2026-08-01T11:47:28Z,20,116885,487,8,PT8H9M26S,2026-08-01
JP,RsSuYZ9M85E,電脳殺意 / Neru feat. 重音テト、音街ウナ、鏡音レン,Neru OFFICIAL,2026-07-31T10:00:06Z,10,79742,11129,824,PT2M28S,2026-08-01
JP,kmdrqg8d3po,【2026年最新版】本当に買うべきスキン・買わなくていいスキンはこちら。,GON,2026-08-01T04:08:06Z,20,116651,3205,202,PT20M54S,2026-08-01
JP,Jtk6KcS1uQg,Unknown Thread (Preview),Spitz - Topic,2026-07-31T12:00:02Z,10,25757,1645,73,PT58S,2026-08-01
JP,9r8yhhZzteo,【マイクラ】近くにお住まいの人たち参戦！そして新しい役職ボマーも追加！！【本気狼】,まじめにヤバシティ,2026-08-01T09:00:25Z,20,48256,5488,329,PT50M1S,2026-08-01
JP,I4fYsCcfq9Y,ICEx - Retro Universe (Dance Practice),ICEx,2026-07-31T10:00:14Z,10,41207,4130,578,PT3M1S,2026-08-01
JP,7McQi0bN5AE,【日本語実況】「Esports World Cup 2026」- ストリートファイター6 - Day3,Capcom Fighters JP,2026-07-31T17:50:55Z,20,583062,4612,37,PT7H2M10S,2026-08-01
JP,5VaKS2rSDgM,おはようございます☀️ReGLOSSとラジオ体操の時間です 1日目【#ReGLOSSとラジオ体操 】,hololive DEV_IS ReGLOSS,2026-07-31T23:00:07Z,24,107959,9788,490,PT4M50S,2026-08-01
JP,vX23PyeGgyY,【実写第五人格】夏の日本最強を決めるプレイオフ準決勝！残り５チームの激戦を見るぞ！【唯/公認ミラー配信】,ピアソン 唯のん,2026-08-01T13:15:22Z,20,116669,934,6,PT11H6M20S,2026-08-01
JP,zfYGdSqliRU,【original MV】BooooM!!!【hololive/宝鐘マリン】,Marine Ch. 宝鐘マリン,2026-07-30T12:00:06Z,24,545418,57011,1689,PT2M55S,2026-08-01
JP,wf304NgJCAk,伝説すぎるブレインロット...😱（リーク）,れじぇくん,2026-07-31T23:00:02Z,20,220662,4298,631,PT24M5S,2026-08-01
JP,AUChW4SSwdM,≠ME（ノットイコールミー）/ 喝采パレード -from アリーナツアー 2026「喝采パレード」横浜アリーナ-【LIVE full】,NOT EQUAL ME ノットイコールミー 公式チャンネル,2026-07-30T10:00:27Z,10,133354,8031,744,PT2M56S,2026-08-01
JP,PgwM_5p5QPA,ワンピースファンに怒られそうなあかりんの発言に動揺、ひなーのだけ盛ろうとしてる疑惑をかけられるカメラマンかみと、あからむのソーナンス共鳴に爆笑するひなーのｗｗ【VCR RUST/橘ひなの/ぶいすぽ】,ぶいすぽ倉庫,2026-07-31T20:17:20Z,20,155640,1749,84,PT38M34S,2026-08-01
JP,SqfvYFP5les,1000W,Be my Girl - Topic,2026-07-30T10:04:19Z,10,18893,262,9,PT3M45S,2026-08-01
KR,8W64YPnRu1Y,MOTION (feat. Juicy J),CORTIS - Topic,2026-07-31T04:00:13Z,10,750194,81043,4242,PT2M38S,2026-08-01
KR,UjreUuD-CAM,죽는 게 무섭지 않아요? | [킬러들의 쇼핑몰 시즌2] 5-6회 예고편 | 디즈니+,Disney Plus Korea 디즈니 플러스 코리아,2026-07-31T01:00:27Z,1,317358,2548,558,PT1M12S,2026-08-01
KR,WyWB7MwU2jA,7일 동안 게임 중독자로 살면 생기는 일,고재영,2026-08-01T11:59:45Z,24,315896,9695,2230,PT37M10S,2026-08-01
KR,TLqgvD9_TR8,Feathers,Redoor - Topic,2026-07-31T09:00:27Z,10,85658,1719,59,PT3M32S,2026-08-01
KR,_gJQREv6PVI,들쥐 | 공식 티저 예고편 | 넷플릭스,Netflix Korea 넷플릭스 코리아,2026-07-31T00:00:00Z,24,309270,2263,486,PT1M30S,2026-08-01
KR,g2dxm8pDL_0,머리가 녹는 게임,랄로,2026-08-01T07:01:58Z,20,251176,4385,1275,PT3H34M41S,2026-08-01
KR,_SPsjENFqbc,like i do,Ariana Grande - Topic,2026-07-31T04:02:32Z,10,935573,24476,466,PT2M48S,2026-08-01
KR,W52phqOW20g,[EPISODE] ‘THE SIN : BLISS’ Trailer vol.1 Shoot Sketch - ENHYPEN (엔하이픈),ENHYPEN,2026-08-01T10:00:02Z,24,45145,13776,920,PT8M29S,2026-08-01
KR,pRXEgfmcHbs,롤 클래식 체험기,PAKA,2026-07-31T08:44:56Z,20,406345,2352,477,PT29M44S,2026-08-01
KR,d2a-0DaRTL4,Don’t Say,Stray Kids - Topic,2026-07-31T15:02:04Z,10,219496,27226,1059,PT2M,2026-08-01
KR,dD4WbrK0fpU,[중력기동대] 메인 예고편,예상치 못한 필름,2026-07-31T11:22:29Z,23,27953,417,161,PT1M44S,2026-08-01
KR,ujj0H0ycY4k,좋은 냄새였잖아?💨🥩│GEN vs T1│2026 LCK│울챔스 하이라이트,Wolf,2026-07-31T23:53:38Z,20,195365,2374,189,PT48M27S,2026-08-01
KR,02KATqeoTuM,Thus begins,Jang Beom June - Topic,2026-07-31T09:00:29Z,10,46247,356,22,PT3M10S,2026-08-01
KR,Al5t45aquAA,비원딜 버리고 새로운 메타를 쓰는 T1 | T1 vs  GEN | 2026 LCK,Untara,2026-07-31T10:57:01Z,20,281185,2907,398,PT45M48S,2026-08-01
KR,ql_ywh0toMs,Throwback,Gist - Topic,2026-07-31T09:00:15Z,10,32475,229,5,PT2M45S,2026-08-01
KR,_uHUsUmFmfo,"진짜 ""주드""가 온다고..?ㅣ펨플릭스 뉴캐슬 EP.05",동수칸TV,2026-07-31T12:44:25Z,20,175806,1382,160,PT58M10S,2026-08-01
KR,g16sDYTn8j0,NO BATIDÃO,slxughter - Topic,2026-07-29T08:18:10Z,10,3607511,28782,340,PT1M30S,2026-08-01
KR,puqynb5IhHE,오직 교전 한번으로 게임을 뒤집는 미친 도파민 경기 | GEN vs T1 | 하이라이트 | 07.31 | 2026 LCK,클리드,2026-07-31T12:55:02Z,20,221079,987,197,PT37M58S,2026-08-01
KR,DMJHreaNruc,Zankokuna Tenshino Teeze (Korean Ver.),Release - Topic,2026-07-30T09:04:41Z,10,72982,1865,0,PT3M14S,2026-08-01
KR,_K5McXQGy_w,"필살기는 ""정말 중요할때 한번"" , 영화 한편을 본듯한 눈물나는 명경기... [GEN vs GE]",김된모,2026-07-31T14:21:25Z,20,135811,2898,376,PT1H22M34S,2026-08-01
KR,KSpG7R1WX94,착각,강문경 - Topic,2026-07-31T03:04:14Z,10,26373,1908,0,PT3M37S,2026-08-01
KR,mirWzdGXwGY,마크판 *메챠 카멜레온* 누가 제일 오래 살아남았을까 ㅋㅋ,잠뜰 TV,2026-08-01T07:00:07Z,20,81907,5569,372,PT33M44S,2026-08-01
KR,KgIsVeN4g0E,if i’m with you,george - Topic,2026-07-29T09:04:44Z,10,195464,1927,42,PT3M45S,2026-08-01
KR,o7F2yOR6tW8,포켓몬 유치원 선생님이 되었습니다 【포켓몬 실전배틀 뉴비 강의】,근가놈,2026-08-01T10:30:16Z,20,59600,1976,257,PT27M12S,2026-08-01
KR,yAvnjSemp9w,You Stole My Heart,WAVE CALL - Topic,2026-07-29T03:02:52Z,10,110101,1819,71,PT3M20S,2026-08-01
KR,QSxitEXHt20,NS vs BFX - GEN vs DK | 2026 LCK,LCK Global,2026-08-01T13:25:36Z,20,405083,1924,4,PT5H58M26S,2026-08-01
KR,l6pREz5MgP8,Drown in blue (Art. HARU(하루)) - Anonymous Artists (어나니머스 아티스트),Anonymous Artists (어나니머스 아티스트),2026-07-30T03:00:33Z,10,25508,749,32,PT2M38S,2026-08-01
KR,5XNwPwBjFvw,임유진을 이기기 위한 첫 번째 프로젝트 : 팀갈,유봉훈,2026-07-31T12:45:25Z,20,201393,2019,145,PT22M2S,2026-08-01
KR,CmdXbUgx2vU,For us,&TEAM - Topic,2026-07-31T15:02:04Z,10,101338,7849,492,PT3M37S,2026-08-01
KR,a_N9D9QFHkM,커맨드 없이 하드코어 역사상 가장 어려운 탈출맵 만들기,프뚜,2026-07-31T08:45:36Z,20,179112,3105,450,PT38M59S,2026-08-01
KR,h7ITAdTxdxM,CORTIS (코르티스) ‘MOTION (feat. Juicy J)’ Official Visualizer,HYBE LABELS,2026-07-31T03:59:59Z,10,1379041,272776,24057,PT2M38S,2026-08-01
KR,dQXa1n8BPIE,"얼마나 스펙업 하고 싶은지 감도 안 옴 [팡이요,  메이플스토리]",팡이요,2026-08-01T09:00:30Z,20,82502,456,81,PT10M39S,2026-08-01
KR,VCqKgW6Lvb4,Sometimes,Cha ga eul - Topic,2026-07-28T09:03:54Z,10,124007,5629,6,PT4M1S,2026-08-01
KR,RK9fhsc1-UE,최초 리버스 10% 초벌 성공 ㅁㅊㅋㅋㅋㅋㅋ,레고77,2026-08-01T02:00:05Z,20,123617,457,123,PT23M57S,2026-08-01
KR,gw9dm2tHf9k,Shut The Door,Young K - Topic,2026-07-27T09:03:19Z,10,671566,7132,0,PT2M52S,2026-08-01
KR,KRqmdRa_KLc,케~넨,괴물쥐 유튜브,2026-07-30T13:30:17Z,20,423126,2017,408,PT23M1S,2026-08-01
KR,QaqakjrT5nY,Vaundy / 날아오를 때 (飛ぶ時)┃𝐂𝐨𝐯𝐞𝐫 𝐛𝐲 𝐇𝐞𝐛𝐢,Hebi.,2026-07-30T09:00:06Z,10,246024,8223,854,PT4M14S,2026-08-01
KR,DHGFIp42BZY,TS vs PRX / GE vs GEN - VCT 퍼시픽 - 스테이지 2 - 그룹 스테이지 - Day 10,발로란트 챔피언스 투어,2026-07-31T14:07:39Z,20,243910,1859,26,PT6H32M4S,2026-08-01
KR,-GihehvB2Pc,honk!,no na - Topic,2026-07-30T10:04:13Z,10,365940,25382,3591,PT2M16S,2026-08-01
KR,svbECk9KKRA,Apdo is back,Official dopa,2026-07-30T13:45:06Z,20,420599,2708,562,PT31M36S,2026-08-01
KR,6DaKkXFsfq0,Exit Only Lane,KINGDOMMUSIC - Topic,2026-07-24T10:01:21Z,10,272886,27746,9,PT2M41S,2026-08-01
KR,0m_8AjiMLng,15년 전 마스터 이,발__젭,2026-08-01T03:35:04Z,20,102334,1832,249,PT22M5S,2026-08-01
KR,jsdbYg8xrvE,Less Than a Lover,JM - Topic,2026-07-26T14:49:16Z,10,341401,2550,0,PT2M26S,2026-08-01
KR,gpvKe_lY1hM,본캐 알나스르 맞췄는데 왜 좋은 거지..?,정준홍,2026-07-31T09:32:41Z,20,174579,2160,267,PT14M38S,2026-08-01
KR,0qSI_SNjYBY,It's Summer,entoy - Topic,2026-07-28T09:03:20Z,10,124920,1927,39,PT2M43S,2026-08-01
KR,MEwTNUWEJRw,39살 인생 첫 치킨 [배틀그라운드],말왕TV,2026-07-30T09:01:19Z,20,417055,5688,756,PT25M42S,2026-08-01
KR,q1Ch72anGMw,Still Choosing You,POW - Topic,2026-07-28T09:00:30Z,10,68758,863,123,PT3M28S,2026-08-01
KR,m-TGDtknQoI,"""캐니언이 멸망전을 본다고?!"" 멸망전에서 이상호 개인화면을 집중 분석하더니 빵 터진 캐니언..?",이상호,2026-07-30T13:02:27Z,20,253617,1445,132,PT57M22S,2026-08-01
KR,Y5ilSL_-s0U,빗물아 부탁해,잔울 - Topic,2026-07-28T20:30:55Z,10,27174,496,18,PT2M50S,2026-08-01
KR,H-SVT_3ZPIw,🚨혜안져스 원스테이트 초비상 합방ㅋㅋㅋㅋㅋㅋㅋ🚨,혜안,2026-07-31T10:11:19Z,20,194714,5071,715,PT14M11S,2026-08-01
DE,afSgBNwmZrQ,Ariana Grande - petal (official music video),ArianaGrandeVevo,2026-07-31T15:00:06Z,10,4501178,472046,39425,PT6M51S,2026-08-01
DE,WWcBk0xenJI,THE LAST SUNRISE Trailer German Deutsch (2026) Eva Longoria,KinoCheck Heimkino,2026-07-31T07:57:07Z,24,6808,50,1,PT2M8S,2026-08-01
DE,uoaIbeW1IvI,Wir BAUEN unsere MAFIA VILLA in MINECRAFT HELDEN 3!,iCrimax,2026-08-01T10:18:36Z,20,156276,8696,406,PT2H56M58S,2026-08-01
DE,bqBmCGp1-eY,LACAZETTE - ABC,LACAZETTE ,2026-07-30T21:00:17Z,10,191289,12143,503,PT2M30S,2026-08-01
DE,RBYkiUOyIiI,Hex Hex da bist du tot! - HOKUM Trailer German Deutsch (2027),KinoCheck Horror,2026-07-31T16:27:02Z,24,10031,125,9,PT1M42S,2026-08-01
DE,j7n4yYtMiXE,AUFSTIEG oder BRUCH ⁉️ Das XXL ENDE der 2. Saison 😨 EA FC 26 1860 München Karrieremodus #7,GamerBrother,2026-08-01T08:45:13Z,20,41901,6752,135,PT1H17M46S,2026-08-01
DE,GvJahgozr1U,LAMBO GALLARDO,CANEY030 - Topic,2026-07-30T22:00:39Z,10,32806,1080,34,PT3M4S,2026-08-01
DE,597oETyQBjY,Die Besten Neuen KINOFILME 2026 / 2027 (Trailer German Deutsch),KinoCheck,2026-07-31T17:09:02Z,24,24516,339,20,PT1H1M57S,2026-08-01
DE,vKSCsw5tEYU,Ich habe YOUTUBER Keys Gefunden in +1 Keyboard Escape..,LumeXx,2026-08-01T07:15:33Z,20,43676,1179,73,PT25M20S,2026-08-01
DE,N0XUYzL3yW0,MEHNERSMOOS & K.I.Z & DRUNKEN MASTERS - Saufen ist die geilste Sau,Mehnersmoos,2026-07-31T10:00:06Z,10,73164,6399,352,PT4M11S,2026-08-01
DE,CdWfyURZREw,Johnny Depp ist zurück! - EBENEZER Trailer,Robert Hofmann,2026-07-31T15:00:02Z,24,10927,535,87,PT4M36S,2026-08-01
DE,cupmJQRfbXs,jede SEKUNDE +1 MUSKELN in Roblox!,Standart Skill,2026-08-01T09:12:21Z,20,33616,1106,73,PT23M22S,2026-08-01
DE,p2ncso8TfNs,Wincent Weiss – Uuuhh (Official Video),Wincent Weiss,2026-07-31T15:00:14Z,10,36841,2588,135,PT3M25S,2026-08-01
DE,8Cgji_EJsJA,GTA 6 Trailer 3: Wann kommt der nächste Trailer? Alle Hinweise & Analyse,JULEX,2026-08-01T09:00:32Z,20,2259,163,34,PT13M37S,2026-08-01
DE,TdzllMhZKCQ,"EINFACH NUR SPRACHLOS..🤬 XXL Among Us mit Willy, Danny, Ayman, Coach & Co. 😂",EliasN97,2026-07-31T10:30:31Z,20,160798,7254,257,PT1H10M44S,2026-08-01
DE,fMUIZk2Fc1o,Unheilig – Mein Stern (Live auf der „Wieder zurück“ Tour 2026),Unheilig,2026-07-31T14:00:38Z,10,15861,1032,59,PT6M5S,2026-08-01
DE,1zip1rNaNYs,RAMAYANA - Official Trailer,Sony Pictures Entertainment,2026-07-30T05:13:28Z,24,14920590,372803,38073,PT4M10S,2026-08-01
DE,4fcoREARdjM,YOUTUBER findet UNSERE GEHEIM BASE und KLAUT ALLES!,AviveHD,2026-08-01T10:22:36Z,20,28097,2631,632,PT28M27S,2026-08-01
DE,ZGa5kIEJNzs,Inside My Soul,Lucy Carter - Topic,2026-07-29T10:02:20Z,10,91857,1283,0,PT6M56S,2026-08-01
DE,vSPeRzSiMbM,Ramayana Trailer Backlash: IT'S NOT ALL HATE!,Tried&Refused Productions.,2026-08-01T09:15:26Z,24,75695,3082,1014,PT16M22S,2026-08-01
DE,olKfTx8RGsQ,🔴der ERSTE Minecraft HELDEN 3 LIVESTREAM die BORDER FALLEN ENDLICH!,SYou,2026-08-01T11:53:36Z,20,74407,3606,23,PT5H21M18S,2026-08-01
DE,ItIUkysVB_A,VOLO X KOLJA GOLDSTEIN X SA4 - KEINE POLITIK,VOLO,2026-07-30T20:34:53Z,10,83056,4490,272,PT2M56S,2026-08-01
DE,2Ul_uzquRZc,SO WIRD DAS NEUE GAMEPLAY AUSSEHEN..😬 EA SPORTS FC 27 TRAILER REACTION👀,Eligella,2026-07-30T18:59:26Z,20,53357,1622,94,PT20M2S,2026-08-01
DE,TeWrarhr3FI,"NEUN SPIELE, aber nur EIN GEWINNERTEAM! | Brain Battle",PietSmiet,2026-07-31T18:05:29Z,24,55474,2594,184,PT3H47M58S,2026-08-01
DE,vaJco2MgHy4,Ben E. King - Stand By Me (Afro House Remix by LABACK),LABACK,2026-07-31T18:59:16Z,10,85659,1241,35,PT2M24S,2026-08-01
DE,0tPngHHZz8U,House of the Dragon: S3 - Ep.07 | NEW TRAILER | HBO,AD_edits,2026-07-31T22:00:11Z,24,60892,494,53,PT51S,2026-08-01
DE,1Xmyz2tVEjg,EA SPORTS FC 27 | Official Career Deep Dive,EA SPORTS FC,2026-07-31T15:57:06Z,20,1267749,58968,4027,PT6M35S,2026-08-01
DE,tOVzhU4mp-o,JAZEEK x LUCIANO - WER BIST DU DENN? (Official Video),Jazeek,2026-07-30T22:00:06Z,10,76190,4846,259,PT2M54S,2026-08-01
DE,JIqKjjTfOxM,Korean Kanakaraju Trailer | Varun Tej | Ritika Nayak | Satya | Merlapaka Gandhi | UV Creations,UV Creations,2026-08-01T08:11:41Z,24,426698,28416,679,PT2M55S,2026-08-01
DE,iTE786FHWIo,Wir VERLIEREN EIN HERZ in Minecraft Helden 3!,Paulberger,2026-07-31T14:18:08Z,20,134647,5139,1319,PT21M43S,2026-08-01
DE,47ERnc0HtDY,KITSCHKRIEG feat. SKEPTA & BLUMENGARTEN - GUT GENUG (REMIX),KITSCHKRIEG,2026-07-31T16:00:30Z,10,132515,10357,845,PT2M54S,2026-08-01
DE,1yMOZlYqsnY,World of Warcraft: Official Reveal Trailer | Dungeons & Dragons,Dungeons & Dragons,2026-07-30T22:40:26Z,24,534726,9046,1086,PT39S,2026-08-01
DE,El78u93Ie4Q,EDNA HAT EINEN UNFALL,LUCREW,2026-07-31T14:00:25Z,24,109109,7235,649,PT43M12S,2026-08-01
DE,XGKJxb2b3ZI,"benny blanco, Selena Gomez, Becky G - Te Olvido (La La) [Official Music Video]",bennyblancoVEVO,2026-07-31T04:00:32Z,10,1334813,95506,4912,PT3M10S,2026-08-01
DE,65mrBBZbSbo,Sardar 2 Teaser | Karthi | SJ Suryah | Malavika Mohanan | Ashika Ranganath | PS Mithran | Sam CS,Sony Music South,2026-07-31T13:30:05Z,10,1712487,78477,2067,PT1M54S,2026-08-01
DE,c-OanB7H6zw,ICH BEWERTE ALLE MINECRAFT HELDEN 3 TEILNEHMER!⚔️(TIERLISTE),TriDan,2026-08-01T07:30:16Z,20,26101,1887,247,PT20M27S,2026-08-01
DE,4L6JbhTMD70,DYSTINCT - HAJDE ft. Noizy (Official Music Video),Avalon Music,2026-07-31T13:00:06Z,10,549373,10614,245,PT2M58S,2026-08-01
DE,RJGavjKx_wY,Diese Games wollt ihr unbedingt spielen!,GameStar,2026-08-01T09:00:16Z,20,29417,1206,111,PT22M37S,2026-08-01
DE,e6iAAAObz3c,KATSEYE - Animal (on the dance floor),KATSEYE,2026-07-31T16:00:33Z,10,2326053,159690,18611,PT3M41S,2026-08-01
DE,Z_GHgC6y3OY,"Der DURCHGEKNALLTESTE Supermarkt Horror, ever 🛒 Shift at Midnight (ALLE Enden)",Sev,2026-07-31T13:30:00Z,20,47130,3481,145,PT3H43M30S,2026-08-01
DE,cCJCNLAgaRo,Calimeros - Das Perlenmädchen von Sansibar (Offizielles Video),Schlager für Alle,2026-07-31T15:00:06Z,10,15772,137,8,PT1M31S,2026-08-01
DE,k28gXFCI4ew,1.000.000 Villager MANHUNT ist ehrenlos...,Tordi React,2026-08-01T07:00:16Z,22,14748,740,13,PT36M1S,2026-08-01
DE,QZjLqtr2tKM,Sääftig x Takeo Ischi - YODEL TECHNO (Musikvideo),Sääftig,2026-07-30T18:00:06Z,10,134805,15069,940,PT2M35S,2026-08-01
DE,_-kBwToBsHM,ICH spiele ROBLOX auf dem IPAD (Keine gute Idee) 😳 | Mohi Plays,Mohi Plays,2026-07-31T15:00:06Z,22,139872,4396,1243,PT16M7S,2026-08-01
DE,9jVa-pQFvxU,The Light Inside My Soul,Release - Topic,2026-07-31T18:52:13Z,10,24120,533,0,PT3M19S,2026-08-01
DE,5mFxBL04vcw,JEDE SEKUNDE BEKOMME ich EINE WAFFE!,Benx,2026-08-01T10:00:09Z,20,19203,1256,72,PT20M19S,2026-08-01
DE,2oCZf2QHT0I,LUM!X - Self Aware (Remix) [official lyric video],LUM!X,2026-07-29T07:15:51Z,22,162378,1703,14,PT2M32S,2026-08-01
DE,Bb7NMWjKC7I,Ich VERSTOSSE ZITACHI und KÄMPFE 1 GEGEN 1 um IHN ZU KILLEN!,Yami,2026-08-01T08:47:35Z,20,14759,1352,143,PT26M56S,2026-08-01
DE,GqlisJ2NJHY,CALLI & ELLY – Yalla Yalla (Official Music Video),CALLI,2026-07-31T10:00:06Z,10,18762,1287,66,PT2M1S,2026-08-01
DE,BEskvHkYPsk,"Wie MÜSSEN 13 verfluchte Nachtschichten ÜBERLEBEN! Sterzik, Mexify und Papo",Verspieltes Gnu,2026-07-31T17:02:00Z,20,27619,1141,54,PT3H50M33S,2026-08-01
FR,afSgBNwmZrQ,Ariana Grande - petal (official music video),ArianaGrandeVevo,2026-07-31T15:00:06Z,10,4501178,472046,39425,PT6M51S,2026-08-01
FR,DXarUgn7PFU,Bande-annonce : la semaine du 3 au 7 août 2026,Un si grand soleil - France Télévisions,2026-07-31T18:00:36Z,24,22881,189,22,PT1M56S,2026-08-01
FR,Wd9dCvrYDxQ,Halo Campaign Evolved - IL A TRÈS MAL VIEILLI,Sheshounet,2026-08-01T10:05:52Z,20,71951,8805,479,PT17M12S,2026-08-01
FR,a_0Ewg-WQro,Rim'K - Maradona ft. @niaksofficiel78,Rim'k,2026-07-31T14:01:01Z,10,199239,4241,251,PT2M43S,2026-08-01
FR,pCu4_oqMDdE,FALL 2 Bande Annonce VF (2026),FilmsActu,2026-07-31T17:30:31Z,1,54617,749,75,PT1M56S,2026-08-01
FR,j5g28rRQgiA,J’ai Triché avec Logiciel qui Peint TOUT SEUL sur Meccha Chameleon !,StundZow Off,2026-07-31T15:00:27Z,20,220502,7926,284,PT21M47S,2026-08-01
FR,j9ApwGnfYKI,HIMRA - CANALISER (Clip Officiel),Himra officiel,2026-07-31T23:45:58Z,10,273273,51248,5459,PT2M55S,2026-08-01
FR,pRVsYj_KCcQ,La TSARINE et KHAENRI'AH ? ANALYSES TRAILER 7.0,Aiynao,2026-07-31T16:15:36Z,20,8866,1010,143,PT10M56S,2026-08-01
FR,CATAVEO6mV4,il était temps.,Unchained Gaming,2026-07-31T16:08:40Z,20,403569,36344,4675,PT10M4S,2026-08-01
FR,wlelkl12p28,Djelykaba Bintou Feat. Sidiki Diabaté - Ma vie (Clip Officiel),Djelykaba Bintou,2026-07-30T18:00:09Z,10,501873,19806,5232,PT3M36S,2026-08-01
FR,Ynp7qwiNuXw,LA RÉVOLTE | Bande annonce-officielle,Universal Pictures Canada,2026-07-30T15:07:14Z,24,9666,110,19,PT2M25S,2026-08-01
FR,NtYKnpkklAw,On rush le LÉGENDE UNREAL sur la NOUVELLE SAISON SIMPSONS.. (ça commence fort),Teeqzy,2026-07-31T12:03:08Z,20,151433,4001,240,PT46M49S,2026-08-01
FR,ZB8iDAE7sdk,"Gaulois - 10/10  feat 3robi, Guy2bezbar et Mensa (Clip Officiel)",Gaulois officiel,2026-07-31T16:00:37Z,10,75771,2453,75,PT2M23S,2026-08-01
FR,8Smjkf0hU0k,"FALL 2 : DEADPOINT Bande Annonce VF (2026) Vertige 2, 4K",AuCiné,2026-07-31T16:20:48Z,1,5520,70,5,PT1M58S,2026-08-01
FR,cK6VN7iRk3o,JE VOLE LE STUDIO DE SQUEEZIE ET SES AMIS (on s'amuse trop mdrrr),Nico_là Live,2026-07-31T17:28:02Z,24,156995,6972,79,PT49M3S,2026-08-01
FR,0IXXBpTW7kw,Petit matin,TRIANGLE DES BERMUDES - Topic,2026-07-30T10:03:14Z,10,83545,3207,78,PT2M35S,2026-08-01
FR,65mrBBZbSbo,Sardar 2 Teaser | Karthi | SJ Suryah | Malavika Mohanan | Ashika Ranganath | PS Mithran | Sam CS,Sony Music South,2026-07-31T13:30:05Z,10,1712487,78477,2067,PT1M54S,2026-08-01
FR,5hoZ65hNq_Y,J’AI PRANK JEANFILS SUR LE JEU SATISFAISANT !! (Il Rage),Kevko,2026-08-01T11:25:33Z,20,32477,1813,220,PT20M59S,2026-08-01
FR,w1-iaK49zBg,Pilé,Mauvais Djo - Topic,2026-07-27T10:28:01Z,10,236188,3509,29,PT2M37S,2026-08-01
FR,1yMOZlYqsnY,World of Warcraft: Official Reveal Trailer | Dungeons & Dragons,Dungeons & Dragons,2026-07-30T22:40:26Z,24,534726,9046,1086,PT39S,2026-08-01
FR,1Xmyz2tVEjg,EA SPORTS FC 27 | Official Career Deep Dive,EA SPORTS FC,2026-07-31T15:57:06Z,20,1267749,58968,4027,PT6M35S,2026-08-01
FR,OOMowAqHLow,Dj LESKA - LANDY - BILOUKI / GG (Clip Officiel),Dj Leska Officiel,2026-07-31T15:59:13Z,10,83875,3511,103,PT3M2S,2026-08-01
FR,1zip1rNaNYs,RAMAYANA - Official Trailer,Sony Pictures Entertainment,2026-07-30T05:13:28Z,24,14920590,372803,38073,PT4M10S,2026-08-01
FR,JvuoOztaB00,J'OBÉIS à ce CHEVAL BIZARRE sur Minecraft...,Yoananas,2026-08-01T11:30:26Z,20,22167,1892,176,PT21M35S,2026-08-01
FR,vaJco2MgHy4,Ben E. King - Stand By Me (Afro House Remix by LABACK),LABACK,2026-07-31T18:59:16Z,10,85659,1241,35,PT2M24S,2026-08-01
FR,WshtP7-650w,GTA 6 : DU GAMEPLAY ET PAS DE TRAILER 3 (annonce Rockstar imminente),Tony +,2026-07-30T09:15:15Z,20,37380,1291,177,PT10M37S,2026-08-01
FR,QQm5J3oQQ6s,"16 ANS PLUS TARD, UN NOUVEAU WORLD OF TANKS ?! (HEAT)",SQUEEZIE GAMING,2026-07-31T16:00:16Z,20,110327,5431,105,PT32M53S,2026-08-01
FR,nUl5UHN2Ti0,La Crapule Feat @molapsa - Boitier P.S.A ( Clip officiel ),La Crapule off,2026-07-31T12:00:01Z,10,19197,1249,87,PT2M53S,2026-08-01
FR,bLr7P_vAau0,"Bukkart Theory Club #40 : Avis Spider-Man Bukkart, Debrief Comic Con, Trailer Doomsday",Kevin Bukkart Live,2026-08-01T01:08:33Z,24,4658,260,65,PT2H30M52S,2026-08-01
FR,paqbJlke2QU,Lands of Lore - Vivre son Aventure,Edward,2026-08-01T09:00:10Z,20,19247,2284,219,PT1H1M9S,2026-08-01
FR,e6iAAAObz3c,KATSEYE - Animal (on the dance floor),KATSEYE,2026-07-31T16:00:33Z,10,2326053,159690,18611,PT3M41S,2026-08-01
FR,HP0BWBWn14I,WICKER | Official Trailer | Only In Theaters October,Black Bear ,2026-07-30T14:00:01Z,1,1302125,6114,378,PT2M25S,2026-08-01
FR,UUllHOrLHZY,TOI TU Deviens SPIDERMAN sur Minecraft !,Shado,2026-08-01T12:15:33Z,20,10976,582,26,PT17M22S,2026-08-01
FR,7aY_hJxPMiA,Biberon,Chily - Topic,2026-07-30T22:03:33Z,10,58492,2231,65,PT3M8S,2026-08-01
FR,BoaQAJwu8Q8,Outer Banks – Saison 5 | Bande-annonce officielle VF | Netflix France,Netflix France,2026-07-29T14:00:02Z,24,61993,2655,83,PT2M8S,2026-08-01
FR,Z1umWsgWNWc,"365 jours à dire « OUAIS, C’EST MICHEL, TU DONNES PAS DE NOUVELLES… » sur FC26 !",Skinra,2026-08-01T08:30:29Z,20,29243,4623,357,PT21M40S,2026-08-01
FR,ZGa5kIEJNzs,Inside My Soul,Lucy Carter - Topic,2026-07-29T10:02:20Z,10,91857,1283,0,PT6M56S,2026-08-01
FR,Gl_NPt1cp8c,"TU as Fait Semblant d'être un NOOB dans Bike Obby, Puis Utilisé un VÉLO à 0.01%…",GEMI ROBLOX,2026-08-01T09:15:15Z,20,15428,526,31,PT13M49S,2026-08-01
FR,XGKJxb2b3ZI,"benny blanco, Selena Gomez, Becky G - Te Olvido (La La) [Official Music Video]",bennyblancoVEVO,2026-07-31T04:00:32Z,10,1334813,95506,4912,PT3M10S,2026-08-01
FR,Uc6ghVTxlu8,Comment ROBLOX vit des Pleurs de Millions de gosses 😈,Trash Bandicoot,2026-07-31T15:45:19Z,20,94679,7704,630,PT15M51S,2026-08-01
FR,-Gjz1cKyGHo,Farruko - Pepas (Lyrics),Aura Serenity,2026-07-26T08:15:12Z,10,127964,382,3,PT5M8S,2026-08-01
FR,9kYDgXfmGRY,roblox best gameplay,StanRP,2026-07-31T18:13:31Z,20,401735,3996,3,PT14S,2026-08-01
FR,VXrJcbjnujQ,TVLM - Open (Clip officiel),TVLM,2026-07-31T10:00:32Z,10,27929,1925,69,PT2M33S,2026-08-01
FR,AT5WhfMW_S0,FIN des DISQUES ⚠️ PLAYSTATION RÉPOND ENFIN (et ça ne va pas plaire aux joueurs) !!!,Julien Chièze,2026-07-31T10:18:12Z,20,80082,4024,1277,PT19M5S,2026-08-01
FR,RI2LwLjTLyY,Prototype - MISE À JOUR,Prototype Plvs,2026-07-31T10:00:18Z,10,22917,1661,91,PT2M25S,2026-08-01
FR,1cs827XUOl8,J’AI PASSÉ LE PERMIS SUR ROBLOX ET…,Kevko Gaming,2026-07-31T14:32:06Z,20,69514,2361,130,PT17M10S,2026-08-01
FR,gwxL39VNSss,Soprano feat. TK - L'argent rend fou (Karaoke Version),Soprano Officiel,2026-07-31T10:08:20Z,10,23133,1463,120,PT2M44S,2026-08-01
FR,QZOnIb17C3o,Mes ENFANTS ont FUGUÉS de Talcacity avec ma VOITURE sur Minecraft !,Talcado,2026-07-31T15:08:55Z,20,55389,1354,195,PT22M8S,2026-08-01
FR,gEBUVl3KgMA,Kavinsky - Nightcall (Lyrics),The Vibe Guide,2026-07-29T14:55:07Z,24,26794,431,31,PT4M20S,2026-08-01
FR,3WOMbAx5nQQ,Le Youtubeur Minecraft Dont Personne Ne Parle !,RAYTONIA,2026-08-01T09:00:36Z,20,10476,1140,90,PT29M,2026-08-01
BR,afSgBNwmZrQ,Ariana Grande - petal (official music video),ArianaGrandeVevo,2026-07-31T15:00:06Z,10,4508635,472046,39425,PT6M51S,2026-08-01
BR,YCaY4eoz4_8,JOHNNY DEPP ESTÁ DE VOLTA! EBENEZER - ANÁLISE DO TRAILER,Ei Nerd,2026-07-31T21:00:32Z,24,42636,5013,130,PT9M33S,2026-08-01
BR,WNLw3S6jrk0,"JOGO DE TERROR, MAS O TERROR É O MICHAEL JACKSON!",Jazzghost,2026-07-31T15:05:58Z,20,1175873,87976,6693,PT30M40S,2026-08-01
BR,XoxjlMHFFFw,"PEITIN DURIN - OBRA DE ARTE - MC Poze do Rodo, Bielzin (DJ DAVI DOGDOG)",Resumo Fluxos by Resumo Produtora,2026-07-29T15:00:11Z,10,43792,345,1,PT2M43S,2026-08-01
BR,VYaA1EtYsQY,TRAILER da História dos pais do Drongo - Mongo e Drongo Jovens Flashback!,Abluba Desenhos Animados,2026-07-31T21:25:06Z,1,28745,924,52,PT3M9S,2026-08-01
BR,3WNww6aGmiQ,JOGOS MORTAIS! - MACHINE PARTY COM OS AMIGOS,alanzoka,2026-07-31T15:12:28Z,20,462475,38424,791,PT1H57M36S,2026-08-01
BR,hj_7NefYdEo,"Orochi “ 50 Mulheres “ (Prod . Jess, Kizzy )",Orochi,2026-07-31T22:00:06Z,10,51809,7700,787,PT2M48S,2026-08-01
BR,hp-z1fdLGEQ,Street Fighter | Teaser Trailer | Blanka vs. Ryu,ingresso.com,2026-07-30T13:40:56Z,1,367429,13094,973,PT1M,2026-08-01
BR,Oo43C7l-g3o,Virei Dragão para Enganar Meus Amigos!,ProbIems,2026-07-31T13:00:22Z,20,474939,11867,484,PT19M40S,2026-08-01
BR,GE0kqrI6pcU,Priscila Senna e Gusttavo Lima - Doce Mel (Clipe Oficial),Priscila Senna,2026-07-31T15:00:06Z,10,664101,8157,3281,PT3M11S,2026-08-01
BR,DCXwfS6eyqI,HERÓI É COISA DE HOMEM?,Debescreve,2026-07-30T22:00:24Z,24,70067,10167,603,PT17M26S,2026-08-01
BR,p4CaQ1q6UE0,UM DIA COM MINHA IRMÃ TIRANDO MINHA PACIÊNCIA EM BROOKHAVEN ,Amy Scarlet,2026-07-31T22:00:06Z,20,116232,7404,838,PT15M43S,2026-08-01
BR,e6iAAAObz3c,KATSEYE - Animal (on the dance floor),KATSEYE,2026-07-31T16:00:33Z,10,2326053,159690,18611,PT3M41S,2026-08-01
BR,QnBNkOxITJI,"STREET FIGHTER ""Blanka VS Ryu"" Cena Dublado Oficial (2026)",Boxoffice Trailers em Português,2026-07-30T14:17:14Z,1,147031,4799,513,PT4M4S,2026-08-01
BR,I9Ds9VLrijM,A CS JOGANDO MECCHA CHAMELEON NO MINECRAFT,Creative Squad,2026-07-31T14:00:22Z,20,323619,16973,694,PT41M7S,2026-08-01
BR,MuO-L7KKN-w,"Top Gospel 2026, 100 Louvores Para Momentos Com Deus, Hinos Evangélicos Mais Tocadas, Louvor 2026",Nova Luz Gospel,2026-07-31T09:55:50Z,10,22443,415,7,PT2H51S,2026-08-01
BR,g0WbZiLeHSQ,ABRI OS NOVOS PACKS CHAMPIONS NO FC MOBILE! 🏆🤩,RAFÃO,2026-07-31T22:00:26Z,20,136469,8551,366,PT20M36S,2026-08-01
BR,o5yVQBJUZ48,"Zé Neto e Cristiano - Oi, tudo bem? (Letra/Lyrics)",Ginga Flow,2026-07-26T21:27:03Z,10,54606,177,0,PT3M8S,2026-08-01
BR,r0hixigniXI,A PRIMEIRA VEZ DA MINHA IRMÃ NO HOSPITAL DE ANIMAIS NO ROBLOX,Amy Scarletona,2026-07-31T23:00:05Z,22,83990,4736,570,PT18M5S,2026-08-01
BR,leBTjgnvp_U,REY VAQUEIRO ATUALIZOU - REY VAQUEIRO AGOSTO 2026 - REY VAQUEIRO MÚSICAS NOVAS PRA PAREDÃO,INDÚSTRIA DE HIT PRODUTORA,2026-07-31T16:15:09Z,10,6635,146,12,PT40M55S,2026-08-01
BR,7VWdPg1JIKA,DESENHE OU SEJA COMIDO NO ROBLOX com O LARRYZINHO!,PIZÃO,2026-07-31T21:08:43Z,20,84570,1845,120,PT17M49S,2026-08-01
BR,hRAjUTlqQX8,Melhores Musicas 2026 🎼 Sertanejo 2026 Mais Tocadas 🎼 As Melhores Do Sertanejo Universitário,Sertanejo 2020,2026-07-31T10:00:21Z,10,52571,213,6,PT1H55M35S,2026-08-01
BR,5DQc_8nLkHo,Eu estou na MELHOR MÚSICA de FNAF AGONIA 7 Minutoz,Core,2026-08-01T00:00:07Z,24,65479,13928,472,PT25M51S,2026-08-01
BR,YWjhygQ8iww,TOP GOSPEL 2026 ✝️ Melhores Louvores Gospel Que Tocam o Coração  | Louvores de Adoração & Adoração,Top Gospel,2026-07-31T08:50:00Z,22,45864,846,24,PT1H22M9S,2026-08-01
BR,qTPy2XYxeYQ,SOBREVIVI AO CREEPY HORSE NO MINECRAFT,Amandinha,2026-07-31T14:00:36Z,20,147219,4807,354,PT29M36S,2026-08-01
BR,BVsK86joRGs,PEITIN DURIN - MC Poze Do Rodo e Bielzin (WebClipe) DJ Davi DogDog,STATUS FUNK,2026-07-31T13:43:16Z,10,28582,437,2,PT2M43S,2026-08-01
BR,ixrRcfS_IkY,MINHA CIDADE ESTÁ ALAGADA! É HORA DE SALVÁ LA!,Felipe Neto Joga,2026-07-31T13:00:26Z,24,263181,22215,1004,PT1H17S,2026-08-01
BR,w3MPYnfXeCg,É Amor,Rey Vaqueiro - Topic,2026-07-30T10:00:37Z,10,9686,63,0,PT2M46S,2026-08-01
BR,igIi-DrZf2I,ZEZE DI CAMARGO & LUCIANO - AS MELHORES - SÓ AS ANTIGAS ROMANTICAS,Vortex Melody,2026-07-31T16:48:23Z,22,6504,130,2,PT1H1M23S,2026-08-01
BR,b1fFtH25-vo,"Buteco Sertanejo | A Cena - Netto Brito e Pablo - DVD Além do Sonho, VOL. 02",Buteco Sertanejo,2026-07-27T12:23:56Z,17,34344,196,6,PT3M42S,2026-08-01
BR,FAeqSe_bD9s,LOKIS NA MOTOCA CAI CAI | Roblox - MX World,Lokis,2026-07-31T22:00:11Z,20,58972,575,40,PT14M5S,2026-08-01
BR,DW2ZW4nBqKY,"Não Mereço Ser Amante - Sorriso, Ludmilla, Kamisa 10 (Sorriso Eu Gosto No Pagode Lado B)",Sorriso Maroto,2026-07-31T21:00:06Z,10,17547,1117,52,PT3M25S,2026-08-01
BR,l1tA4qXk0-Q,ZEREI O NOVO MUNDO DE SLIME DO KEYBOARD ESCAPE... 😱🟢,Canal Clash War,2026-07-31T21:45:06Z,20,94406,4668,1429,PT23M56S,2026-08-01
BR,H0onEDwmsJ8,Faz de Conta (Resenha sem Tirar de Dentro  Ao Vivo na Cachoeira - SP),Klessinha,2026-07-31T23:00:06Z,22,3430,168,12,PT2M24S,2026-08-01
BR,7iT3wdKS9IU,Construí uma CASA SECRETA dentro do Meu Amigo!,Kass e KR - Filmes,2026-07-31T21:00:39Z,20,58631,1005,21,PT1H7M42S,2026-08-01
BR,I6EgV9rGcR4,Marília Tavares - Pra Mudar a Minha Vida / Caso Indefinido - Marília 2.0,Marília Tavares,2026-07-31T14:00:06Z,10,26907,768,156,PT4M10S,2026-08-01
BR,20G-FiNnvEc,RE4R COM NOVOS CAMINHOS E PUZZLES! - MOD NIGHT TERROR,XodaRapX,2026-08-01T08:15:40Z,20,27469,627,0,PT5H37M25S,2026-08-01
BR,U85xe-mVzz8,Marília Mendonça - CIUMEIRA (Letra/Lyrics),Brazilian Chaos,2026-07-27T15:00:03Z,10,38009,227,0,PT3M11S,2026-08-01
BR,m9koYJlUAb4,VIREI UMA GALINHA POR 1 DIA...,Lozão,2026-07-31T21:05:10Z,20,49138,4174,87,PT22M17S,2026-08-01
BR,CYCJmt_cJWU,Eu Duvido (Ao Vivo),Guilherme & Benuto - Topic,2026-07-24T00:05:16Z,10,51401,379,1,PT2M51S,2026-08-01
BR,aLB4zKIKEWY,O BANQUETA CHEGOU NA TERCEIRA DIVISÃO DO EFOOTBALL!,AD0LFzZ,2026-07-31T15:01:01Z,20,140514,12072,710,PT53M39S,2026-08-01
BR,y_HEjUACX8g,Ô Gatona,MC Jacaré - Topic,2026-07-31T00:04:02Z,10,83999,2401,39,PT3M24S,2026-08-01
BR,3lOh0yJJo5o,As Melhores Antigas de Renan e Ray – Sertanejo Raiz de Verdade,Sertão Hits,2026-07-31T03:45:26Z,22,9684,219,3,PT1H5M2S,2026-08-01
BR,Ep-dDlN83NI,Má Sorte (Ao Vivo),Nando Moreno - Topic,2026-07-31T00:00:14Z,10,20849,364,13,PT3M12S,2026-08-01
BR,3Y8tMye6aok,🔴 Outlast 2 AO VIVO | Início da Gameplay - PC 🔴,Melry Jennifer,2026-08-01T12:08:08Z,24,24104,391,6,PT9H5M43S,2026-08-01
BR,1Ip1CPVWoN4,ATÉ ASSUSTEI E O COPO DEIXEI CAIR DA MINHA MÃO - HEITOR SANTOS,SOLTA O PLAY,2026-07-29T12:51:04Z,10,39330,414,6,PT3M,2026-08-01
BR,l3ijuejgIuk,🔴PVP CONTRA BRAINROTS + X1 COM INSCRITOS!!!❤️,Murilão Gamer,2026-08-01T02:28:52Z,20,455109,3436,20,PT2H20M47S,2026-08-01
BR,O6InBkTQjAI,Rey Mente Milionária (Ao Vivo),Forró e Piseiro - Topic,2026-07-17T10:05:04Z,10,48184,242,0,PT2M26S,2026-08-01
BR,Xh6G7LTWTTc,"Minecraft, Mas Existe Apenas 1 BLOCO REALISTA!",Marcelodrv,2026-07-31T21:00:06Z,20,46992,1488,92,PT18M26S,2026-08-01
BR,RiVK0EBFkN8,"Vingança Calculada | Gregory e Matheus, Israel & Rodolffo [ DvD Inédito ]",Gregory e Matheus,2026-07-24T20:00:06Z,10,61788,617,9,PT2M38S,2026-08-01
MX,afSgBNwmZrQ,Ariana Grande - petal (official music video),ArianaGrandeVevo,2026-07-31T15:00:06Z,10,4508635,472046,39425,PT6M51S,2026-08-01
MX,9K_-y-Zvc6k,STREET FIGHTER Blanka vs. Ryu Tráiler Oficial Español Latino (2026),Trailers In Spanish,2026-07-31T07:47:32Z,1,74572,462,36,PT1M20S,2026-08-01
MX,7-NsnQFI8UI,ESCAPANDO DE PRISION CON LOS BROS EN ROBLOX!🚔,ElAbrahaham,2026-07-31T22:00:29Z,20,486182,26758,4092,PT26M15S,2026-08-01
MX,RgQjxV5W4PA,Selena - Si Una Vez (Visualizer),EVRgreenhitsVEVO,2026-07-31T04:00:24Z,10,223165,1212,6,PT2M44S,2026-08-01
MX,47C__i5-QnQ,MI REACCIÓN AL REVEAL MULTIJUGADOR DE GEARS OF WAR E-DAY | ENCONTRANDO SECRETOS OCULTOS DEL TRAILER!,ElGamer WICHO!,2026-07-31T19:26:21Z,20,16194,1265,179,PT24M1S,2026-08-01
MX,CD6p5aHx5gw,Hice un MEGA-AGUJERO de Hielo,Rubius Z,2026-07-31T16:14:45Z,20,1181555,69478,1265,PT38M52S,2026-08-01
MX,tdS3ijuqxW4,Todo Lo Fue,Lenin Ramirez - Topic,2026-07-29T22:07:16Z,10,1473018,13495,31,PT3M13S,2026-08-01
MX,K00Tv2L2Utk,"""Blanka VS Ryu"" STREET FIGHTER Tráiler Español Latino Oficial (2026)",Boxoffice Tráilers Español,2026-07-30T21:33:57Z,1,356266,6417,540,PT4M4S,2026-08-01
MX,TZuTPbEf9B0,TRABAJÉ en un HOSPITAL de ANIMALES con ANOMALIAS 😨💉🚑 SILVIOGAMER en ROBLOX,Silvio Gamer,2026-07-31T22:39:02Z,20,232395,11399,1903,PT46M59S,2026-08-01
MX,xR-1Zm1iCR8,Moy Bobadilla — Tus Mentiras (Letra/Lyrics),Richie Mexa,2026-07-31T18:21:17Z,10,47180,122,0,PT4M41S,2026-08-01
MX,ezeEMECezIo,"Mira el tráiler de ""Un paso hacia ti""! La nueva APUESTA JUVENIL #LaCasaDeLosFamososMX",La Casa de los Famosos México ,2026-08-01T04:57:21Z,24,2929,45,4,PT6M58S,2026-08-01
MX,vofczJ88e8Q,PONGO CELOSA A MI AMIGA TOXICA  😳,Soy Nabi,2026-07-31T18:00:52Z,24,409740,22884,2755,PT12M26S,2026-08-01
MX,PIVr5H9EShI,"LATIN MAFIA, Fred again.. - Te Estoy Correteando",Fred again . .,2026-07-31T21:22:58Z,10,183943,10535,343,PT3M19S,2026-08-01
MX,1kxLfFYMoig,ME ESCONDO PINTANDO COMPLETO (ROBLOX),Chuy Mine,2026-07-31T21:15:11Z,20,237385,3651,136,PT23M9S,2026-08-01
MX,j3POFK8nR5w,Te Estoy Correteando,Release - Topic,2026-07-31T21:42:29Z,10,63273,5782,0,PT3M14S,2026-08-01
MX,g0GiYCC_G-I,Adoptado por ANOMALÍAS en ANIMAL HOSPITAL en Minecraft,Awita,2026-07-31T22:37:50Z,20,276138,5568,602,PT36M14S,2026-08-01
MX,vAK90UWS_78,Julión Álvarez y su Norteño Banda - Llévala A La Luna (VIDEO LYRIC),Los Pasos de Julion ,2026-07-31T00:00:06Z,10,255319,12289,401,PT2M45S,2026-08-01
MX,icp_DDpxzNw,CONSTRUÍ LOS BACKROOMS DE FEDE EN MINECRAFT!,El Guarura,2026-08-01T00:00:20Z,24,264902,9327,838,PT34M33S,2026-08-01
MX,X1hfcxMAQ_I,Yo y La Luna,Herencia De Grande - Topic,2026-07-31T10:53:56Z,10,49585,491,0,PT2M48S,2026-08-01
MX,QcPxvA-agVA,Evolución Spiderman POBRE vs Spiderman RICO en Minecraft!,Nacho,2026-07-31T21:30:29Z,20,610178,8505,322,PT21M49S,2026-08-01
MX,XGKJxb2b3ZI,"benny blanco, Selena Gomez, Becky G - Te Olvido (La La) [Official Music Video]",bennyblancoVEVO,2026-07-31T04:00:32Z,10,1334813,95506,4912,PT3M10S,2026-08-01
MX,TETiZ_uZ9TE,LUCHAS LOCAS con SPIDERMAN en Gang Beasts | Karim Juega,Karim Juega,2026-07-31T23:38:49Z,20,124652,2938,,PT25M50S,2026-08-01
MX,e6iAAAObz3c,KATSEYE - Animal (on the dance floor),KATSEYE,2026-07-31T16:00:33Z,10,2326053,159690,18611,PT3M41S,2026-08-01
MX,jBDhcmXupbo,Empecé de CERO usando SOLO ROBUX en ESCAPA DEL TECLADO Roblox con Mandarina,Lyna,2026-07-31T19:51:49Z,20,345055,6080,390,PT18M25S,2026-08-01
MX,nRsKRKaX3HY,Labios de Cereza 2,T3R Elemento - Topic,2026-07-29T22:01:51Z,10,223452,2625,2,PT3M47S,2026-08-01
MX,BHtjXh3OshY,ATRAPADOS por CHICAS VAMPIRO en Minecraft!,Dagar,2026-07-30T20:28:04Z,20,2046597,26043,1043,PT22M43S,2026-08-01
MX,LA3tSuTXb6Q,Siddhartha - Pedacito de Mi Corazón (Video Oficial),iamSiddharthaVEVO,2026-07-31T00:00:06Z,10,172157,16331,1123,PT4M36S,2026-08-01
MX,IzqNdwh03ac,"Robé $999,999 a Mis Amigos en Roblox!",Dagar Roblox,2026-07-31T15:39:46Z,20,446929,4637,217,PT16M23S,2026-08-01
MX,MbeHk_zg_AQ,CUIDAME DE LA ENVIDIA,Grupo Los de la O - Topic,2026-07-30T10:00:12Z,10,63333,969,13,PT3M15S,2026-08-01
MX,az6cb_w4nl0,NUESTRAS COPIAS MALVADAS NOS PERSIGUEN!! ,Mirysita Blox💙,2026-07-31T18:30:08Z,20,267514,18653,678,PT9M36S,2026-08-01
MX,QYM3gRm7GU0,Rauw Alejandro - Todo De Ti | Letra,Cora,2026-07-29T21:00:06Z,22,536427,933,5,PT3M20S,2026-08-01
MX,z_GGre4EyZc,Sobrevivimos A La Inundación De Brokhaven En Roblox ,Bere Roblox,2026-07-31T00:17:22Z,20,579111,5851,395,PT28M37S,2026-08-01
MX,yUrDS4b84Ac,2 - SID MSC // LOCO QUIEN // VISUALIZER ( 📀 Interferencia ),SID M.S.C.,2026-07-31T23:30:00Z,10,13072,1480,96,PT3M19S,2026-08-01
MX,XVdfKh10I98,Eliminaron los ANILLOS DEL END!!!,Bobicraft,2026-07-31T23:44:18Z,20,298502,18471,1182,PT9M32S,2026-08-01
MX,Kl5h8C4IsvA,EL FEO,Los Chavalitos - Topic,2026-07-30T10:00:29Z,10,88715,1891,11,PT2M52S,2026-08-01
MX,_uoT47QNzPQ,Construí una PISCINA SUBTERRÁNEA Bajo MI CASA en Minecraft,Jardred,2026-07-31T23:21:50Z,20,137310,6567,671,PT30M7S,2026-08-01
MX,jZPeAZiBhAc,Circulo Cerrado,Grupo Recluta - Topic,2026-07-31T02:02:23Z,10,105954,1444,11,PT2M43S,2026-08-01
MX,VdRF90Qr0As,Dibujé CAMINADORAS para HACERLOS REALIDAD en Escape del Teclado de Velocidad??!!,Yuyo,2026-07-31T21:19:53Z,20,194713,4767,659,PT31M45S,2026-08-01
MX,vZFmPK9CY8k,Se Fue,El Trono De Mexico - Topic,2026-07-29T20:20:13Z,10,1064640,6836,23,PT2M52S,2026-08-01
MX,khuhKt8zX48,الرجل العنكبوت انقاذ باتمان Spider-Man Rescue batman vs iron man vs venom funny Game GTA 5 superhero,Maro Spidey,2026-08-01T01:00:50Z,20,1413466,64041,3055,PT22M42S,2026-08-01
MX,2njWiQItclQ,Enanitos Verdes - Luz De Dia (Audio),EnanitosVerdesVEVO,2026-07-31T04:00:03Z,10,73858,523,11,PT4M29S,2026-08-01
MX,00XVYdICQP0,Viajé a las FARLANDS del CIELO,Darmoo,2026-07-31T21:30:32Z,24,173609,6757,364,PT26M55S,2026-08-01
MX,xf2cVCMNwck,Mi Epoca Dorada,Grupo Selectivo - Topic,2026-07-30T10:00:01Z,10,57758,487,6,PT2M45S,2026-08-01
MX,uEXLs0SRy_U,TRABAJÉ COMO GUARDIA DE SEGURIDAD DEL AEROPUERTO EN ROBLOX CON ADRI SF Y JONDRESITO | JONDRES GC,Jondres Gc,2026-07-31T20:29:03Z,24,178119,3468,333,PT36M16S,2026-08-01
MX,OMZi5t57rNc,"Ed Maverick, niño viejo - me inundo",EdMaverickVEVO,2026-07-31T00:00:06Z,10,122550,15200,1468,PT5M39S,2026-08-01
MX,a6m4Cr3pbpM,VIVIMOS 24 HORAS en la PISCINA con LYNA Y MANDARINA en BROOKHAVEN ROBLOX,Chocoblox,2026-07-31T18:09:41Z,20,219318,3360,328,PT16M9S,2026-08-01
MX,F15wM9u0s4Q,Imitadora,Romeo Santos - Topic,2026-07-30T00:00:03Z,10,405751,926,14,PT3M55S,2026-08-01
MX,HWfdI7Jy40s,DIBUJANDO SÚPER ONICHAN EN ROBLOX UWU SPEED DRAW,Karly Fuun,2026-08-01T04:34:09Z,20,121934,4650,47,PT1H57M15S,2026-08-01
MX,62JrXKtKrsQ,Aitana - SUPERESTRELLA (Letra/Lyrics),Mellifluous,2026-07-30T13:30:06Z,10,39252,188,11,PT3M3S,2026-08-01
MX,DF1TZnvH8nI,"⭐ NOCHE DE VIERNES CON THIAGO, TATATITO Y RUSH ⭐",RobleisIUTU,2026-08-01T04:51:55Z,20,363196,12477,128,PT4H42S,2026-08-01
IT,afSgBNwmZrQ,Ariana Grande - petal (official music video),ArianaGrandeVevo,2026-07-31T15:00:06Z,10,4508635,472046,39425,PT6M51S,2026-08-01
IT,1gEGDHufdsg,Jumanji: Open World | Trailer Ufficiale,Sony Pictures Italia,2026-07-29T07:02:43Z,1,1485535,2693,122,PT2M59S,2026-08-01
IT,GvBSYy1ny2I,Adotto TUTTI I PET DI BROOKHAVEN ROBLOX!,Roby,2026-08-01T09:00:08Z,20,56622,2669,599,PT21M28S,2026-08-01
IT,vaTleIEhnyc,"Salmo, Low Kidd - ALL IN (Demo) (Official Video)",SalmoOfficialVEVO,2026-07-30T22:00:31Z,10,144535,14707,1102,PT3M36S,2026-08-01
IT,pZ3P3Zvidgo,Outer Banks - Stagione 5 | Trailer ufficiale | Netflix Italia,Netflix Italia,2026-07-29T14:00:03Z,24,58508,2501,41,PT2M8S,2026-08-01
IT,zg-gX4qnHPU,IL RITORNO di LOLLO su AMONG US!!,LolloLacustre,2026-07-31T10:00:10Z,20,113643,11053,504,PT32M14S,2026-08-01
IT,g16sDYTn8j0,NO BATIDÃO,slxughter - Topic,2026-07-29T08:18:10Z,10,3607511,28782,340,PT1M30S,2026-08-01
IT,1zip1rNaNYs,RAMAYANA - Official Trailer,Sony Pictures Entertainment,2026-07-30T05:13:28Z,24,14920590,372803,38073,PT4M10S,2026-08-01
IT,98uDXcfbSfI,LA SQUADRA È UFFICIALMENTE PRONTA! | ZANO CARRIERA #4 [FC 26],Zano XVII,2026-07-31T12:00:18Z,20,92246,8004,111,PT28M19S,2026-08-01
IT,oc8OS_X2pcI,"Shablo, Geolier, Sfera Ebbasta - M' Manc (Testo/Lyrics)",Italy DNA,2026-07-29T12:30:38Z,10,40303,48,0,PT3M1S,2026-08-01
IT,dEarFa247mg,Jumanji: Open World (2026) | Trailer ITA | Dal 25 Dicembre al Cinema,FilmIsNow Trailer Italia,2026-07-29T07:24:17Z,1,41713,1430,112,PT3M20S,2026-08-01
IT,AVgeU71UySU,OGGI APRE IL NOSTRO SERVER PUBBLICO! MINECRAFT IN LIVE CON I MIEI AMICI!,WhenGamersFail ► Lyon,2026-07-31T12:00:08Z,20,58674,3898,316,PT1H4M5S,2026-08-01
IT,x9wD_pd0ieg,"SFERA EBBASTA, DYSTINCT - AYAYAY (Testo/Lyrics)",Royal Tunes,2026-07-29T14:00:07Z,22,34677,114,0,PT2M27S,2026-08-01
IT,BZeqbOjLNNQ,The Last Sunrise - L'estate delle prime volte | Trailer Ufficiale | Prime Video,Amazon Prime Video Italia,2026-07-28T15:10:46Z,24,49841,819,9,PT1M55S,2026-08-01
IT,0AjWzTLqW54,COMMOVENTE: ABBIAMO SALVATO un NEONATO ABBANDONATO su UNA ZATTERA IN MEZZO AL MARE.. (Brookhaven),Max Random,2026-07-31T07:20:02Z,20,71181,4690,699,PT20M34S,2026-08-01
IT,yXg7FFU6V28,Le-One - RAFFAELLA FICO (Testo/Lyrics),Periferic,2026-07-29T12:00:07Z,10,53871,132,1,PT2M17S,2026-08-01
IT,bI37BENaKps,SPIDER-MAN: BRAND NEW DAY Tutti i Trailer Ita Ufficiale (2026),Boxoffice ITALY | Trailers & Clips ,2026-07-29T18:01:39Z,1,17633,198,2,PT9M16S,2026-08-01
IT,d4-qzazk2UA,QUESTO GIOCO È DAVVERO SODDISFACENTE | Roblox Keyboard Escape,LEUTUM,2026-07-30T16:00:24Z,20,119254,6954,714,PT39M,2026-08-01
IT,xYHGE93zeQY,DHURATA DORA ft GJESTI - GASOLINA (Official Video),Dhurata Dora,2026-07-28T16:00:06Z,10,2590589,37082,1632,PT2M45S,2026-08-01
IT,ShhPuJoqFZI,REACTION (POLEMICA) AL TRAILER DI FC27 // Ma non avevano detto che CPU SUL 26 NON CE NE STAVA? 🤔😂,HOLLYWOOD285,2026-07-30T12:00:11Z,20,9577,412,189,PT25M23S,2026-08-01
IT,6dAagOTdWXs,HO FINITO LA COSTRUZIONE DELLA PIRAMIDE - ImperoCraft Ep. 270,Kendal,2026-07-31T10:00:13Z,20,99937,9754,606,PT16M,2026-08-01
IT,2fJN18HYPKc,Alphaville - Forever Young (Lyrics),Groovora,2026-07-28T14:19:25Z,10,1296498,5652,87,PT3M49S,2026-08-01
IT,jj1jfmGGovo,Blanka vs. Ryu Fight Scene - STREET FIGHTER (2026) Jason Momoa,KinoCheck.com,2026-07-30T13:29:03Z,24,908136,13670,2157,PT4M4S,2026-08-01
IT,U4K32mhkKTo,FUT DRAFT ma è AGOSTO... 😱🔥 *IMBARAZZANTE* ma ce l’ho fatta!! - FUT DRAFT CHALLENGE,MikeShowSha,2026-07-31T11:15:06Z,20,66576,4735,82,PT26M51S,2026-08-01
IT,1XQlkJPcL14,CLLEVIO x LYRICAL SON x MC KRESHA - 3 PSIKIATRET (Beat by Ultra Beats),Cllevio Masoni 44 Official,2026-07-30T18:10:26Z,24,356231,8661,314,PT3M36S,2026-08-01
IT,_MbKeT-7Zqo,IL TRONO del MUORI REAGISCE al NUOVO TRAILER DEL SIGNORE DEGLI ANELLI (Rings of Power),L'Edit del Muori,2026-07-29T16:00:13Z,22,24193,2015,240,PT10M47S,2026-08-01
IT,8CudC2o70Zk,👑 KINGS WORLD CUP CLUBS ITALY 2026 | Quarti di finale,Kings League Lottomatica_sport Italy,2026-07-31T21:57:28Z,17,95169,1510,3,PT5H24M46S,2026-08-01
IT,4L6JbhTMD70,DYSTINCT - HAJDE ft. Noizy (Official Music Video),Avalon Music,2026-07-31T13:00:06Z,10,549373,10614,245,PT2M58S,2026-08-01
IT,GugCo5zkIM4,Da TORRE di TERRA a GRATTACIELO RICCHISSIMO Su Minecraft!,Sbriser,2026-07-30T09:00:31Z,20,80650,1447,71,PT29M14S,2026-08-01
IT,vaJco2MgHy4,Ben E. King - Stand By Me (Afro House Remix by LABACK),LABACK,2026-07-31T18:59:16Z,10,85659,1241,35,PT2M24S,2026-08-01
IT,1Xmyz2tVEjg,EA SPORTS FC 27 | Official Career Deep Dive,EA SPORTS FC,2026-07-31T15:57:06Z,20,1267749,58968,4027,PT6M35S,2026-08-01
IT,mmltldj_LYI,"NATTI NATASHA, Ozuna - Criminal (Letra/Lyrics)",Rap World,2026-07-28T12:00:10Z,22,972305,3365,25,PT3M53S,2026-08-01
IT,UoNzXzoYeKA,PROVO LA VERSIONE ''HORROR'' di ROBLOX per LA PRIMA VOLTA! NON FATELO!,Mate,2026-07-31T14:15:21Z,20,39534,1545,125,PT20M11S,2026-08-01
IT,WDe376deWFo,22simba - 2 passi dal cielo non uno in più (Visual),22simbaVEVO,2026-07-30T23:00:06Z,10,28772,2001,78,PT2M56S,2026-08-01
IT,3BTlussfTgQ,"LA GOLFATINA NELLA CAVERNA...FINISCE IN TRAGEDIA! w/ROHN, DREAD, GABBO, DELUX, MOLLU e IL MASSEO ⛳",Just Rohn JR,2026-07-31T11:00:28Z,20,57235,9028,163,PT22M12S,2026-08-01
IT,XGKJxb2b3ZI,"benny blanco, Selena Gomez, Becky G - Te Olvido (La La) [Official Music Video]",bennyblancoVEVO,2026-07-31T04:00:32Z,10,1334813,95517,4912,PT3M10S,2026-08-01
IT,iAVVY9o0Jl8,3 NUOVI BRAWLER e COLLAB! TUTTO quello che ARRIVA ad AGOSTO su BRAWL STARS! ,Tia,2026-07-31T08:00:14Z,20,42359,3915,145,PT10M1S,2026-08-01
IT,o2YqiVRM6lw,The Black Eyed Peas - I Gotta Feeling (Sub. Español + Lyrics),sweetblue.,2026-07-28T23:08:50Z,10,317493,1193,16,PT4M8S,2026-08-01
IT,SWHdZpkSlcw,TU LAVORI come Guardia di SICUREZZA dell'aeroporto su Roblox...,Sbriser FRZ,2026-07-31T10:00:07Z,20,38958,662,29,PT23M29S,2026-08-01
IT,_9s7KobEzyg,"Tormentoni Estate 2026 🌊 Le Migliori Canzoni Italiane ☀️ Annalisa, ALFA, Irama, Tananai, Mahmood...",Estate Mix,2026-07-30T06:30:30Z,10,25980,456,5,PT48M49S,2026-08-01
IT,KGLtpDUYIYc,"LA GOLFATINA A SQUADRE DI CUI AVEVATE TUTTI BISOGNO. con Delux, Gabbo, Dread, Rohn, Mollu & Masseo",Delux,2026-07-30T11:26:02Z,24,72226,17520,335,PT29M4S,2026-08-01
IT,AAYBojGKLtU,Shiva - Bad Bad Bad feat. Geolier (Testo/Lyrics),Musixa,2026-07-30T21:30:32Z,10,6875,9,1,PT3M11S,2026-08-01
IT,Rk3yLlTKmcs,TUTTE LE NOVITÀ DELLA CARRIERA SU FC27! - RIVOLUZIONE TOTALE! CAMBIA TUTTO!,Giuse360,2026-07-31T16:00:24Z,20,22322,2532,256,PT24M36S,2026-08-01
IT,QYM3gRm7GU0,Rauw Alejandro - Todo De Ti | Letra,Cora,2026-07-29T21:00:06Z,22,536427,933,5,PT3M20S,2026-08-01
IT,tQLwXaCU43w,IL MIO NUOVO VICINO DI CASA È PERFETTO!! (troppo perfetto...) | Relive the Fear - Perfect Neighbor,LEUTUMᶫᶦᵛᵉ,2026-07-31T12:30:07Z,20,30018,2668,92,PT1H7M19S,2026-08-01
IT,pfiV00m3Vsw,Etroska - Is my time (Original mix),ETROSKA,2026-07-25T20:00:11Z,10,227113,566,15,PT9M49S,2026-08-01
IT,pilPZprCMYA,Giocatore di Magic Valuta Carte SBAGLIATE di Yu-Gi-Oh!,Fierik Gaming,2026-07-31T12:00:24Z,20,32492,1991,178,PT1H38M52S,2026-08-01
IT,2oCZf2QHT0I,LUM!X - Self Aware (Remix) [official lyric video],LUM!X,2026-07-29T07:15:51Z,22,162378,1703,14,PT2M32S,2026-08-01
IT,Gg2e9YNiGw4,Essere un PLAYER TOSSICO ti sta ROVINANDO,Parliamo di Videogiochi,2026-07-30T12:00:29Z,20,82755,8697,1034,PT30M43S,2026-08-01
IT,VoFFuF4zSjY,Aaron Smith - Dancin - Krono Remix (Lyrics) ft. Luvli,daydream.,2026-07-28T16:30:01Z,10,1941181,7090,58,PT3M19S,2026-08-01
ES,afSgBNwmZrQ,Ariana Grande - petal (official music video),ArianaGrandeVevo,2026-07-31T15:00:06Z,10,4508635,472046,39425,PT6M51S,2026-08-01
ES,9K_-y-Zvc6k,STREET FIGHTER Blanka vs. Ryu Tráiler Oficial Español Latino (2026),Trailers In Spanish,2026-07-31T07:47:32Z,1,74572,462,36,PT1M20S,2026-08-01
ES,CD6p5aHx5gw,Hice un MEGA-AGUJERO de Hielo,Rubius Z,2026-07-31T16:14:45Z,20,1181555,69478,1265,PT38M52S,2026-08-01
ES,Jj9T-RC3OOQ,"Abraham Mateo, Maria Becerra, Big One - Así (Video Oficial)",AbrahamMateoVEVO,2026-07-30T22:00:06Z,10,565128,34070,1627,PT3M15S,2026-08-01
ES,5cbwuO5ZM_w,Jumanji: Mundo Abierto | Tráiler Oficial español. Exclusivamente en cines el 25 de diciembre.,Sony Pictures España,2026-07-29T06:41:22Z,1,1303288,2151,126,PT2M59S,2026-08-01
ES,cdBAnW6pbEU,PRIMER MODO CARRERA EN FC 27 !!!! DjMaRiiO,DjMaRiiO,2026-07-31T15:55:06Z,20,380312,19575,470,PT11M50S,2026-08-01
ES,BLSKmBac59Y,GIRLS vs BOYS,ArtaOficial - Topic,2026-07-30T10:02:39Z,10,330242,8559,0,PT3M28S,2026-08-01
ES,knYf5-Pfa0w,Tráiler de ARRIBA TUTTO,José Mota,2026-07-29T12:55:52Z,23,36528,1032,153,PT1M43S,2026-08-01
ES,T0irc9w9amw,Pokémon PROLOCKE 2 Ep.6 - FIN DE LOCKE,Folagor03,2026-07-31T19:03:52Z,20,132377,5973,211,PT2H47M42S,2026-08-01
ES,LRYgaU4-V4g,Clarent - Buenas (Video Oficial),Clarent,2026-07-31T00:00:07Z,10,200725,16614,713,PT3M3S,2026-08-01
ES,K00Tv2L2Utk,"""Blanka VS Ryu"" STREET FIGHTER Tráiler Español Latino Oficial (2026)",Boxoffice Tráilers Español,2026-07-30T21:33:57Z,1,356266,6417,540,PT4M4S,2026-08-01
ES,ZgCliGwmP3M,el juego que intenta ENFADARTE. - fever meme,rickyedit,2026-08-01T13:00:34Z,20,22549,2633,168,PT1H1M47S,2026-08-01
ES,QYM3gRm7GU0,Rauw Alejandro - Todo De Ti | Letra,Cora,2026-07-29T21:00:06Z,22,536427,933,5,PT3M20S,2026-08-01
ES,1yMOZlYqsnY,World of Warcraft: Official Reveal Trailer | Dungeons & Dragons,Dungeons & Dragons,2026-07-30T22:40:26Z,24,534726,9046,1086,PT39S,2026-08-01
ES,-RrQiEJu1iI,"ARK - ADIOS, AMIGOS... - Cap.24 - EL MURO 3",Nexxuz World,2026-07-30T18:59:12Z,24,333578,29627,859,PT1H7M45S,2026-08-01
ES,XGKJxb2b3ZI,"benny blanco, Selena Gomez, Becky G - Te Olvido (La La) [Official Music Video]",bennyblancoVEVO,2026-07-31T04:00:32Z,10,1334813,95517,4912,PT3M10S,2026-08-01
ES,KPhCVf6NkCM,Outer Banks: Temporada 5 | Tráiler oficial | Netflix España,Netflix España,2026-07-29T14:00:02Z,24,19842,554,11,PT2M8S,2026-08-01
ES,IXRo32or2-c,SIENDO MUY RATA en MECCHA CHAMELEON,Willyrex,2026-07-31T16:05:40Z,20,92812,2797,40,PT1H56M44S,2026-08-01
ES,fsjk9Wh_PXo,"AGUSTITO REMIX - ORIGINAL ELIAS con ANTONIO CARMONA, MONCHO CHAVEA, LOS YAKIS Y LUCAS CARMONA",Original Elias,2026-07-31T12:00:06Z,10,25335,1122,86,PT3M40S,2026-08-01
ES,r6q4636w6Fk,TRAILER | Tomorrowland: La Película ,Grenheir,2026-07-30T17:56:08Z,22,8871,690,45,PT1M30S,2026-08-01
ES,1Xmyz2tVEjg,EA SPORTS FC 27 | Official Career Deep Dive,EA SPORTS FC,2026-07-31T15:57:06Z,20,1267749,58968,4027,PT6M35S,2026-08-01
ES,62JrXKtKrsQ,Aitana - SUPERESTRELLA (Letra/Lyrics),Mellifluous,2026-07-30T13:30:06Z,10,39252,188,11,PT3M3S,2026-08-01
ES,1zip1rNaNYs,RAMAYANA - Official Trailer,Sony Pictures Entertainment,2026-07-30T05:13:28Z,24,14920590,372803,38073,PT4M10S,2026-08-01
ES,BHtjXh3OshY,ATRAPADOS por CHICAS VAMPIRO en Minecraft!,Dagar,2026-07-30T20:28:04Z,20,2046597,26043,1043,PT22M43S,2026-08-01
ES,hDVgQ-ScvUM,Todo De Ti,Rauw Alejandro - Topic,2026-07-30T00:00:05Z,10,935235,6833,18,PT3M20S,2026-08-01
ES,m8Zeq6BAiNw,roblox best gameplay,StanRP,2026-07-31T15:43:21Z,20,445452,3929,1,PT14S,2026-08-01
ES,UX7e4FT2vRc,Reality x Farruko - Por Si Muero Mañana REMIX (Official Video),Reality,2026-07-28T19:00:06Z,10,457493,15181,352,PT2M43S,2026-08-01
ES,Yl_ZF99tJpc,Intentando NO TRAICIONAR en MECCHA CHAMELEON,VEGETTA777,2026-07-31T16:22:58Z,20,163488,7837,136,PT2H5M18S,2026-08-01
ES,oM-03AsbwYE,Plan B — Es un Secreto (Letra/Lyrics),Richie Classics,2026-07-24T20:22:01Z,10,1351035,1308,7,PT3M11S,2026-08-01
ES,0sxhQcrFTPM,LoL Classic con IBAI,KNekroGamer,2026-07-31T14:57:30Z,20,78396,2975,81,PT37M4S,2026-08-01
ES,RgQjxV5W4PA,Selena - Si Una Vez (Visualizer),EVRgreenhitsVEVO,2026-07-31T04:00:24Z,10,223165,1212,6,PT2M44S,2026-08-01
ES,fxRJTGxQvps,IBAI CASTEA LA MEJOR PARTIDA DE KOI? 😱SE VUELVE LOCO!🔥 | KOI vs SHFT Game 3 LEC VERANO 2026 IBAI,LOL ESPORTS VODS ESPAÑOL CASTEOS IBAI,2026-07-31T19:31:14Z,22,23765,375,39,PT24M3S,2026-08-01
ES,e6iAAAObz3c,KATSEYE - Animal (on the dance floor),KATSEYE,2026-07-31T16:00:33Z,10,2326053,159690,18611,PT3M41S,2026-08-01
ES,elz16PLjwVA,"Nuevo Asesino: GRIMOIRE (LA SENTENCIA) - Poder, Perks, Mori | DEAD BY DAYLIGHT Gameplay Español",Menos Trece,2026-07-31T12:00:34Z,20,126062,6394,345,PT29M25S,2026-08-01
ES,zJQT3A4hVrQ,Romeo Santos - Eres Mía (Lyrics/Letra),MODA Colombia,2026-07-27T23:15:10Z,22,233001,235,2,PT4M11S,2026-08-01
ES,xl66G1I6Eu4,Dark Souls randomizer pero si muero se acaba,Juja,2026-07-31T14:00:29Z,20,108971,7820,222,PT39M25S,2026-08-01
ES,g16sDYTn8j0,NO BATIDÃO,slxughter - Topic,2026-07-29T08:18:10Z,10,3607511,28782,340,PT1M30S,2026-08-01
ES,u8mkvXqCAyk,DOXEAN al HACKER de BLACK OPS 2 PS5 + SOLUCION al PROBLEMA,Soki,2026-07-31T15:13:02Z,20,41152,1890,262,PT8M52S,2026-08-01
ES,lD00OsM2y5w,Rauw Alejandro - Todo De Ti (Letra/Lyrics),Eterna Vida,2026-07-29T15:00:37Z,10,203324,440,2,PT3M25S,2026-08-01
ES,DF1TZnvH8nI,"⭐ NOCHE DE VIERNES CON THIAGO, TATATITO Y RUSH ⭐",RobleisIUTU,2026-08-01T04:51:55Z,20,363196,12477,128,PT4H42S,2026-08-01
ES,swF0UgDl_Dg,JP Fernandez - 22 H (Amarte),JP Fernandez,2026-07-30T18:00:05Z,10,24371,1101,44,PT3M6S,2026-08-01
ES,LXYRkLXYrIg,MI PRIMER ADMIN ABUSE DE ESCAPA DEL TECLADO! B R U T A L,AlesGames,2026-07-31T18:20:03Z,24,47549,2459,622,PT18M21S,2026-08-01
ES,F15wM9u0s4Q,Imitadora,Romeo Santos - Topic,2026-07-30T00:00:03Z,10,405751,926,14,PT3M55S,2026-08-01
ES,hncbaQUnFF4,Genshin Impact Version 7.0 Special Program #NowSnezhnaya #GenshinSnezhnaya #SpecialProgram,Genshin Impact,2026-07-31T12:00:06Z,20,1285645,75538,6549,PT1H7M6S,2026-08-01
ES,vaJco2MgHy4,Ben E. King - Stand By Me (Afro House Remix by LABACK),LABACK,2026-07-31T18:59:16Z,10,85659,1241,35,PT2M24S,2026-08-01
ES,1MAZsJ32N_E,99% IMPOSIBLE ENCONTRARME en MECCHA CHAMELEON,xFaRgAnx YT,2026-07-31T16:22:27Z,20,73136,4203,130,PT2H12M31S,2026-08-01
ES,0lu6naa2rBg,JMD-LO PIENSO Y ME DUELE (REMIX) ft EZVIT 810 ft CALERO LDN ft MAYO 214,JMD.420,2026-07-30T17:30:21Z,10,24486,3071,290,PT4M52S,2026-08-01
ES,zX3g0IsSqhk,Captamos a una MANDARINA MALA en las CÁMARAS de SEGURIDAD de Brookhaven Roblox,Lyna,2026-07-30T18:57:42Z,20,884653,13100,980,PT15M14S,2026-08-01
ES,NzFtj5WYCY4,Como a nadie,Demarco Flamenco - Topic,2026-07-30T10:03:25Z,10,8855,253,6,PT2M16S,2026-08-01
ES,G7yzxGrydx4,Poketubers reaccionan a Folagor SWEEPEANDO con BIBAREL | PROLOCKE 2,Folita03,2026-08-01T02:30:14Z,22,47098,3480,141,PT27M27S,2026-08-01
NL,afSgBNwmZrQ,Ariana Grande - petal (official music video),ArianaGrandeVevo,2026-07-31T15:00:06Z,10,4508635,472046,39425,PT6M51S,2026-08-01
NL,irVNGjRFZGk,Avengers: Doomsday | Official Trailer | In Theaters December 18,Marvel Entertainment,2026-07-20T13:00:20Z,24,55196761,2476493,187771,PT2M26S,2026-08-01
NL,HLgW9e3zXdM,Noob VS Pro Gigantisch Doolhof Bouw Battle,Alex Klein,2026-07-28T06:00:01Z,20,79082,2961,84,PT22M42S,2026-08-01
NL,m7k9UMcHbr0,"KATSEYE (캣츠아이) ""Animal"" Official MV",HYBE LABELS,2026-07-24T03:59:06Z,10,28019686,1234942,123474,PT3M11S,2026-08-01
NL,1zip1rNaNYs,RAMAYANA - Official Trailer,Sony Pictures Entertainment,2026-07-30T05:13:28Z,24,14920590,372808,38073,PT4M10S,2026-08-01
NL,7B7Z6Cxx8aM,Job Speelt Als Dokter In Animal Hospital... In Roblox!,Dutchtuber,2026-07-29T14:45:29Z,20,73191,3887,646,PT13M51S,2026-08-01
NL,RehFiQm3fFQ,Yung Felix - Baff Baff ft. Oomto & GP UIT G,noahsarklabel,2026-07-31T07:59:51Z,10,25053,1655,62,PT2M43S,2026-08-01
NL,lb3fvMJMadk,Outer Banks: Season 5 | Official Trailer | Netflix,Netflix,2026-07-29T14:00:00Z,24,1547814,46246,2103,PT2M8S,2026-08-01
NL,Eo5w2S-h5dI,The Gaming Market is Starting to Break.,Mrwhosetheboss,2026-07-31T10:48:54Z,28,3259518,115268,12235,PT22M40S,2026-08-01
NL,6RizI5IQRdA,Ik Zweer 't,Djaga Djaga - Topic,2026-07-30T10:01:38Z,10,10836,384,0,PT2M57S,2026-08-01
NL,RvksPficuOU,Avatar: Seven Havens | Official Teaser | Paramount+ (SDCC 2026),Avatar Legends,2026-07-23T21:01:45Z,1,4083455,175370,16843,PT1M43S,2026-08-01
NL,ynkhNRpQ9Xc,1000 Players Build END Civilization in Hardcore Minecraft,Spoke,2026-07-26T17:53:18Z,20,4154393,161070,36613,PT2H19M42S,2026-08-01
NL,tbbxMMIQsmc,Zonnebank,Ray & Beer - Topic,2026-07-16T10:05:24Z,10,38575,522,0,PT3M5S,2026-08-01
NL,HP0BWBWn14I,WICKER | Official Trailer | Only In Theaters October,Black Bear ,2026-07-30T14:00:01Z,1,1302125,6114,378,PT2M25S,2026-08-01
NL,UFjdTUvyWM8,FC26 King of the Hill: WK 2026!👑,Patto,2026-07-30T14:00:16Z,20,50398,1023,213,PT29M22S,2026-08-01
NL,XGKJxb2b3ZI,"benny blanco, Selena Gomez, Becky G - Te Olvido (La La) [Official Music Video]",bennyblancoVEVO,2026-07-31T04:00:32Z,10,1334813,95517,4912,PT3M10S,2026-08-01
NL,A7lyvgnDuDE,"Ebenezer | Official Trailer (2026 Movie) - Johnny Depp, Ian McKellen, Rupert Grint, Sam Claflin",Paramount Pictures,2026-07-23T23:44:46Z,1,11289047,113048,7957,PT1M22S,2026-08-01
NL,rNxJlzGS2Ig,Job Opent Een Trampline Park In Roblox!,DutchtuberGaming,2026-07-29T06:15:20Z,20,56339,2024,125,PT8M25S,2026-08-01
NL,wIkvDAQWXY8,Frsh x 3Robi - Exotisch (Sangria) [Official Music Video],Its a Lifestyle.,2026-07-24T15:08:33Z,10,104436,1895,46,PT3M,2026-08-01
NL,g79GPZSQHBk,Neuromancer — Official Teaser | Apple TV,Apple TV,2026-07-25T22:00:11Z,24,1615087,60257,3787,PT1M10S,2026-08-01
NL,q4Ph8C28jPw,SIDEMEN MECCHA CHAMELEON IMPOSTOR GAME,MoreSidemen,2026-07-30T18:01:12Z,24,1237958,40546,735,PT23M26S,2026-08-01
NL,e6iAAAObz3c,KATSEYE - Animal (on the dance floor),KATSEYE,2026-07-31T16:00:33Z,10,2326053,159690,18611,PT3M41S,2026-08-01
NL,OGO4Mqvo3jI,Clayface | Official Trailer,DC,2026-07-22T16:00:47Z,1,13765544,299813,13940,PT2M26S,2026-08-01
NL,hncbaQUnFF4,Genshin Impact Version 7.0 Special Program #NowSnezhnaya #GenshinSnezhnaya #SpecialProgram,Genshin Impact,2026-07-31T12:00:06Z,20,1285645,75538,6549,PT1H7M6S,2026-08-01
NL,TJDTODup0-o,KM - BLIJF RUSTIG (prod. Jordan Wayne),22 Records,2026-07-18T16:30:06Z,10,187838,2215,44,PT2M52S,2026-08-01
NL,JB4U1PAqbXw,Somehow The Rings Of Power Returned,The Critical Drinker,2026-07-27T16:00:19Z,24,1159401,72281,6906,PT8M4S,2026-08-01
NL,1Xmyz2tVEjg,EA SPORTS FC 27 | Official Career Deep Dive,EA SPORTS FC,2026-07-31T15:57:06Z,20,1267749,58968,4027,PT6M35S,2026-08-01
NL,9ji4JnBsS-Y,Electric Callboy - THE WAY YOU ARE (OFFICIAL VIDEO),Electric Callboy,2026-07-28T14:00:06Z,10,1000365,65411,3926,PT2M43S,2026-08-01
NL,rODu2HTw6M8,DC -Release Trailer| Lokesh| Sun Pictures| Anirudh| Arun Matheswaran| Wamiqa| In theatres from Aug 7,Sun TV,2026-07-30T12:29:32Z,24,3178816,113049,2731,PT2M33S,2026-08-01
NL,Yg7z22Zbzw4,Ik Vond Mijn Eerste Minecraftwereld Terug...,MeerKB,2026-07-29T06:00:37Z,20,42092,1737,196,PT27M30S,2026-08-01
NL,ZAP4Cj4bZoo,Marco Schuitmaker - Loesoe (Officiële Video),Marco Schuitmaker,2026-07-24T08:00:06Z,10,46863,602,38,PT3M35S,2026-08-01
NL,PCbp1FfipPg,REACHER Season 4 - Official Trailer | Prime Video,Prime Video,2026-07-25T23:01:32Z,24,7644437,98566,5327,PT2M18S,2026-08-01
NL,0NQndTOgrSU,Mijn Vrienden Pranken Als VERITY! (Roblox),Dennus3,2026-07-31T14:30:22Z,20,15733,649,84,PT16M1S,2026-08-01
NL,ovyEFH-tmck,Donnie & Robert van Hemert - Fissaman's Friend (Official Video),Maradonnie,2026-07-31T14:00:06Z,10,7716,232,14,PT2M50S,2026-08-01
NL,1yMOZlYqsnY,World of Warcraft: Official Reveal Trailer | Dungeons & Dragons,Dungeons & Dragons,2026-07-30T22:40:26Z,24,534726,9047,1086,PT39S,2026-08-01
NL,XBmyzLcaDaI,OH MY GOD...,SMii7Y,2026-07-31T19:13:01Z,20,1492663,76131,3593,PT34M18S,2026-08-01
NL,tGJEqpyt3D0,Kyma x Ynam - Lightwork Freestyle 🇳🇱 (Prod. Yungknel x Flowkrazy) | Pressplay,Pressplay Media NL,2026-07-30T14:00:06Z,10,8884,313,37,PT4M54S,2026-08-01
NL,mh1BYXHpeOc,THE BEST COMIC-CON 2026 MOVIE TRAILERS,KinoCheck.com,2026-07-26T12:03:03Z,24,1334734,10597,1532,PT37M17S,2026-08-01
NL,sRJ20lCdNz4,Mick En Giel Zijn Geen Vrienden Meer... (Minecraft Survival),GIEL,2026-07-31T06:00:18Z,24,29126,948,75,PT14M48S,2026-08-01
NL,wlelkl12p28,Djelykaba Bintou Feat. Sidiki Diabaté - Ma vie (Clip Officiel),Djelykaba Bintou,2026-07-30T18:00:09Z,10,501873,19806,5232,PT3M36S,2026-08-01
NL,7UIBOsuUwc4,Lanterns | Official Trailer | HBO Max,HBO Max,2026-07-24T20:38:31Z,24,7732730,146583,9362,PT3M9S,2026-08-01
NL,LAf_6OwDodc,This Island is Making us Crazy,SMii7Yplus,2026-07-30T19:13:23Z,20,1594343,75182,2448,PT45M34S,2026-08-01
NL,oe-bhvLJNjc,Foreigner - I Want To Know What Love Is (Live From Ellis Island) (Official Music Video),ForeignerVEVO,2026-07-24T04:00:17Z,10,3041029,25005,493,PT6M15S,2026-08-01
NL,gnm4HgIAVmU,The Thomas Crown Affair | Official Teaser Trailer,Amazon MGM Studios,2026-07-29T13:00:02Z,24,10228995,32600,3269,PT1M30S,2026-08-01
NL,R4BpNB8n9Tk,SANTINO & YARASKY SPELEN BLACK OPS 2!,Yarasky,2026-07-30T16:15:19Z,20,22207,796,67,PT34M16S,2026-08-01
NL,yBlrr6APf28,Dopebwoy & AJ Tracey - Stupid (Move it) - Official Video,Forever Lit Records,2026-07-31T13:13:00Z,10,13556,1303,40,PT2M9S,2026-08-01
NL,HeFsNVSAdtw,AVENGERS DOOMSDAY SDCC TRAILER BREAKDOWN! Hall H Footage Official Description!,New Rockstars,2026-07-27T00:32:05Z,24,963985,26368,1210,PT17M30S,2026-08-01
NL,DKfT_hCdZog,Ik Overleefde 365 Dagen In Clan Wars… (Minecraft film),HARM2,2026-07-30T17:58:33Z,20,26155,672,91,PT3H49M53S,2026-08-01
NL,GpB18MIw3y0,Sam Fender & Lewis Capaldi - Rein Me In (Live at American Express Presents BST Hyde Park),Lewis Capaldi,2026-07-28T14:00:06Z,10,505683,9175,392,PT6M1S,2026-08-01
NL,2E4ihxaCDL4,I'M GAME TRAILER (Malayalam) | Dulquer Salmaan  | Nahas Hidhayath | Wayfarer Films,Wayfarer Films Music,2026-07-30T12:30:06Z,1,2237401,80778,4951,PT2M57S,2026-08-01
SE,nyc4nEE-og4,Yasin - Matadoren [Official Video],YasinTheDon,2026-07-30T22:00:06Z,10,36635,1782,149,PT2M15S,2026-08-01
SE,irVNGjRFZGk,Avengers: Doomsday | Official Trailer | In Theaters December 18,Marvel Entertainment,2026-07-20T13:00:20Z,24,55196761,2476493,187771,PT2M26S,2026-08-01
SE,NUCqN2iD2XA,Varje Minut Stiger COCA-COLA Högre i Minecraft!,AffeDoom,2026-07-29T14:00:39Z,22,60436,844,48,PT37M46S,2026-08-01
SE,m7k9UMcHbr0,"KATSEYE (캣츠아이) ""Animal"" Official MV",HYBE LABELS,2026-07-24T03:59:06Z,10,28019686,1234942,123474,PT3M11S,2026-08-01
SE,zhApeaHMvfs,JUMANJI: OPEN WORLD - Official Trailer (4K),Sony Pictures Entertainment,2026-07-29T00:59:43Z,24,7296443,256346,11685,PT3M7S,2026-08-01
SE,No4ins3D_i8,Vi Fångade Ett LÄSKIGT MONSTER Med En Dold Kamera I Minecraft..,Perik,2026-07-30T06:00:37Z,20,45008,1357,25,PT17M14S,2026-08-01
SE,afSgBNwmZrQ,Ariana Grande - petal (official music video),ArianaGrandeVevo,2026-07-31T15:00:06Z,10,4508635,472046,39425,PT6M51S,2026-08-01
SE,g79GPZSQHBk,Neuromancer — Official Teaser | Apple TV,Apple TV,2026-07-25T22:00:11Z,24,1615087,60257,3787,PT1M10S,2026-08-01
SE,5yU2B-2sNl0,ROBLOX SKYDDA MATBUTIKEN!,Periks Värld,2026-07-30T13:00:25Z,20,31873,553,33,PT23M20S,2026-08-01
SE,IddUJxhDgZk,Tony Iommi – World Alone (Official Video),Tony Iommi,2026-07-29T14:55:06Z,10,852742,64008,4449,PT7M24S,2026-08-01
SE,lb3fvMJMadk,Outer Banks: Season 5 | Official Trailer | Netflix,Netflix,2026-07-29T14:00:00Z,24,1547814,46246,2103,PT2M8S,2026-08-01
SE,q4Ph8C28jPw,SIDEMEN MECCHA CHAMELEON IMPOSTOR GAME,MoreSidemen,2026-07-30T18:01:12Z,24,1237958,40546,735,PT23M26S,2026-08-01
SE,xYHGE93zeQY,DHURATA DORA ft GJESTI - GASOLINA (Official Video),Dhurata Dora,2026-07-28T16:00:06Z,10,2590589,37082,1632,PT2M45S,2026-08-01
SE,JB4U1PAqbXw,Somehow The Rings Of Power Returned,The Critical Drinker,2026-07-27T16:00:19Z,24,1159401,72281,6906,PT8M4S,2026-08-01
SE,ynkhNRpQ9Xc,1000 Players Build END Civilization in Hardcore Minecraft,Spoke,2026-07-26T17:53:18Z,20,4154393,161070,36613,PT2H19M42S,2026-08-01
SE,NM9TCCp21nE,Zombie - Reimagined by Erik Grönwall,Erik Grönwall,2026-07-31T15:00:06Z,24,23229,3314,550,PT4M30S,2026-08-01
SE,OGO4Mqvo3jI,Clayface | Official Trailer,DC,2026-07-22T16:00:47Z,1,13765544,299813,13940,PT2M26S,2026-08-01
SE,Eo5w2S-h5dI,The Gaming Market is Starting to Break.,Mrwhosetheboss,2026-07-31T10:48:54Z,28,3259518,115268,12235,PT22M40S,2026-08-01
SE,9cJGWOpQp_w,Al Shami - Baby [Official Music Video] (2026) / الشامي - بي بي,Al Shami - الشامي,2026-07-13T15:00:07Z,10,10518541,169543,42545,PT3M37S,2026-08-01
SE,A7lyvgnDuDE,"Ebenezer | Official Trailer (2026 Movie) - Johnny Depp, Ian McKellen, Rupert Grint, Sam Claflin",Paramount Pictures,2026-07-23T23:44:46Z,1,11289047,113048,7957,PT1M22S,2026-08-01
SE,I3BcCNby_LU,The Worst Meccha Chameleon Spots Ever...,SMii7Yplus,2026-07-25T19:13:11Z,20,3424695,132762,2785,PT45M12S,2026-08-01
SE,7gUusZOB87w,Hana Girma - NGEZAKA | ሃና ግርማ - ንገዛኻ - New Ethiopian Tigrigna Music 2026 (Official Video),Hana Girma,2026-07-31T15:00:13Z,10,220197,13345,1539,PT5M31S,2026-08-01
SE,RvksPficuOU,Avatar: Seven Havens | Official Teaser | Paramount+ (SDCC 2026),Avatar Legends,2026-07-23T21:01:45Z,1,4083455,175370,16843,PT1M43S,2026-08-01
SE,Gol2LXL5bpI,BEBIS PERIK BLIR UTSKICKAD FRÅN SVERIGE!,Otto,2026-07-31T14:00:01Z,20,11286,191,7,PT8M40S,2026-08-01
SE,e6iAAAObz3c,KATSEYE - Animal (on the dance floor),KATSEYE,2026-07-31T16:00:33Z,10,2326053,159690,18611,PT3M41S,2026-08-01
SE,gnm4HgIAVmU,The Thomas Crown Affair | Official Teaser Trailer,Amazon MGM Studios,2026-07-29T13:00:02Z,24,10228995,32600,3269,PT1M30S,2026-08-01
SE,TU8loMjSjF0,I played 9 Souls-Like games you've never heard of,Iron Pineapple,2026-07-24T19:01:01Z,20,3399114,46438,3685,PT2H10M52S,2026-08-01
SE,9ji4JnBsS-Y,Electric Callboy - THE WAY YOU ARE (OFFICIAL VIDEO),Electric Callboy,2026-07-28T14:00:06Z,10,1000365,65411,3926,PT2M43S,2026-08-01
SE,QmS7WuI9u40,The Lord of The Rings: The Rings of Power - Season 3 Teaser | Prime Video,Prime Video,2026-07-24T18:30:20Z,24,873578,27073,4715,PT1M50S,2026-08-01
SE,ifmV2XPTMRw,World Cup.. men Second Nationality,SCOAR,2026-07-28T05:00:13Z,20,39093,985,98,PT34M38S,2026-08-01
SE,_IT83Y_HcAw,JENNIE - Less than a Lover (Official Video),JennieRubyJaneVEVO,2026-07-24T04:00:05Z,10,15318936,1110677,68449,PT3M39S,2026-08-01
SE,7UIBOsuUwc4,Lanterns | Official Trailer | HBO Max,HBO Max,2026-07-24T20:38:31Z,24,7732730,146583,9362,PT3M9S,2026-08-01
SE,XBmyzLcaDaI,OH MY GOD...,SMii7Y,2026-07-31T19:13:01Z,20,1492663,76131,3593,PT34M18S,2026-08-01
SE,inxzQt78lOk,aespa エスパ 'KISS N TELL' MV,SMTOWN,2026-07-23T14:59:06Z,10,5006733,367602,15418,PT3M10S,2026-08-01
SE,bEpTgowZ1dI,Other Mommy | Official Trailer,Universal Pictures,2026-07-21T13:00:46Z,24,19105186,125783,7375,PT2M15S,2026-08-01
SE,AYJkq-UlkYM,Starting Over Using ONLY ROBUX In Keyboard Escape..,Foltyn,2026-07-24T05:20:47Z,20,7592680,115694,7617,PT20M28S,2026-08-01
SE,0ijm2Xui5N8,ADÉLA - Ain't In LA,AdelaMusicVEVO,2026-07-23T17:00:06Z,10,2309862,174120,7433,PT3M40S,2026-08-01
SE,1yMOZlYqsnY,World of Warcraft: Official Reveal Trailer | Dungeons & Dragons,Dungeons & Dragons,2026-07-30T22:40:26Z,24,534726,9047,1086,PT39S,2026-08-01
SE,lof0-rMHBtU,"BLAST Bounty Malta 2026 Season 2, Quarter-Finals - The Mongolz vs FaZe, Astralis vs paiN Gaming",BLAST Premier,2026-07-31T21:32:02Z,20,930661,7249,8,PT9H16M24S,2026-08-01
SE,Cv1AXnX8DjU,Five Nights at Freddy's: Secret of the Mimic Song - It Doesn't Matter - The Living Tombstone,The Living Tombstone,2026-07-31T16:00:06Z,10,685568,80293,6623,PT3M50S,2026-08-01
SE,Nx-e-AaCNPE,AVENGERS DOOMSDAY TRAILER BREAKDOWN! Easter Eggs & Details You Missed!,New Rockstars,2026-07-20T23:51:32Z,24,3208758,81507,4634,PT36M58S,2026-08-01
SE,C9uqjMfCVuA,Lucas vill testa HÄNGGLIDARE! Vågar dom?!,Supersagor,2026-08-01T06:59:04Z,20,8409,230,45,PT29M48S,2026-08-01
SE,u_G1NCwQZ4E,Amr Diab & Orange - Lola El Banat (Official Music Video) - عمرو دياب  واورنچ - لولا البنات,Amr Diab,2026-07-30T19:53:16Z,10,1500875,28319,1185,PT3M49S,2026-08-01
SE,JjT7hGTRr1E,Avengers: Doomsday Trailer BREAKDOWN - Marvel Easter Eggs You Missed!,ScreenCrush,2026-07-20T16:51:46Z,1,2238905,46621,3888,PT21M10S,2026-08-01
SE,xO7Ok6pcfIU,BETA SQUAD AMONG US: JESTER MODE WITH EXPERTS,NDL,2026-07-28T17:00:40Z,22,919950,27165,1751,PT43M50S,2026-08-01
SE,GJNlJjoiEaQ,Nassif Zeytoun - Hdiyye [Official Music Video] (2026) / ناصيف زيتون - هدية,Nassif Zeytoun,2026-06-29T14:00:06Z,10,9686340,93628,6543,PT5M20S,2026-08-01
SE,2iI8iZg8pos,The Simpsons x Fortnite Reload | Trailer,Fortnite,2026-07-29T20:10:23Z,20,617540,19564,1060,PT53S,2026-08-01
SE,y8TieBZEcbE,His Story Is INSANE..,Foltyn Reacts,2026-07-31T17:31:26Z,24,882434,23566,6297,PT19M14S,2026-08-01
SE,-Y0OKTuMICM,Amon Amarth - Gjallarhorn (OFFICIAL VIDEO),Amon Amarth,2026-07-22T16:00:06Z,10,457688,29654,1290,PT5M15S,2026-08-01
SE,W0-lK9fdImM,Honest Trailers | The Mandalorian and Grogu,Screen Junkies,2026-07-28T17:00:19Z,1,387691,14942,1265,PT7M12S,2026-08-01
